symbol,price,amount,side,updated,sequence
BTC_USDT,79854.0,0.00555,Sell,2026-09-05 21:56:51.005000+00:00,32535459059
BTC_USDT,79854.0,0.00475,Sell,2026-09-05 21:56:53.294000+00:00,32535466098
BTC_USDT,79854.1,0.00058,Buy,2026-09-05 21:56:54.194000+00:00,32535469187
BTC_USDT,79855.6,0.00011,Buy,2026-09-05 21:56:57.274000+00:00,32535478899
BTC_USDT,79854.0,0.00450,Buy,2026-09-05 21:56:57.927000+00:00,32535481083
BTC_USDT,79854.0,0.00560,Buy,2026-09-05 21:57:04.938000+00:00,32535503705
BTC_USDT,79858.2,0.00515,Buy,2026-09-05 22:08:19.765000+00:00,32537649604
BTC_USDT,79858.2,0.00626,Sell,2026-09-05 22:08:21.737000+00:00,32537656072
BTC_USDT,79858.2,0.00601,Buy,2026-09-05 22:08:23.742000+00:00,32537662286
BTC_USDT,79858.2,0.00535,Buy,2026-09-05 22:08:29.816000+00:00,32537681700
BTC_USDT,79858.4,0.00545,Buy,2026-09-05 22:08:31.182000+00:00,32537686272
BTC_USDT,79849.5,0.00062,Buy,2026-09-05 22:08:33.335000+00:00,32537692864
BTC_USDT,79848.8,0.00430,Buy,2026-09-05 22:08:34.132000+00:00,32537695564
BTC_USDT,79824.7,0.00566,Buy,2026-09-05 22:21:28.122000+00:00,32540109275
BTC_USDT,79824.7,0.00556,Buy,2026-09-05 22:21:34.642000+00:00,32540129268
BTC_USDT,79824.7,0.00546,Sell,2026-09-05 22:21:36.860000+00:00,32540136693
BTC_USDT,79824.7,0.00461,Sell,2026-09-05 22:21:41.383000+00:00,32540150728
BTC_USDT,79824.7,0.00461,Sell,2026-09-05 22:21:43.625000+00:00,32540157695
BTC_USDT,79815.5,0.00047,Sell,2026-09-05 22:22:55.790000+00:00,32540383996
BTC_USDT,79817.7,0.00188,Buy,2026-09-05 22:22:57.034000+00:00,32540387961
BTC_USDT,79814.8,0.0022,Sell,2026-09-05 22:22:57.330000+00:00,32540389077
BTC_USDT,79816.1,0.00591,Buy,2026-09-05 22:22:57.349000+00:00,32540389156
BTC_USDT,79816.1,0.00481,Sell,2026-09-05 22:22:59.716000+00:00,32540397106
BTC_USDT,79815.4,0.00479,Sell,2026-09-05 22:23:03.918000+00:00,32540409425
BTC_USDT,79816.1,0.00491,Sell,2026-09-05 22:23:04.363000+00:00,32540410828
BTC_USDT,79815.3,0.00004,Sell,2026-09-05 22:23:08.087000+00:00,32540423195
BTC_USDT,79816.1,0.00436,Buy,2026-09-05 22:23:09.045000+00:00,32540426406
BTC_USDT,79816.1,0.00541,Sell,2026-09-05 22:23:11.362000+00:00,32540433331
BTC_USDT,79869.4,0.00002,Sell,2026-09-06 09:40:13.680000+00:00,32667236569
BTC_USDT,79829.8,0.00606,Sell,2026-09-06 09:40:23.092000+00:00,32667266144
BTC_USDT,79830.6,0.0013,Buy,2026-09-06 09:40:24.903000+00:00,32667271910
BTC_USDT,79833.0,0.00521,Buy,2026-09-06 09:40:25.287000+00:00,32667273235
BTC_USDT,79833.0,0.00425,Sell,2026-09-06 09:40:27.378000+00:00,32667280084
BTC_USDT,79832.0,0.0013,Sell,2026-09-06 09:40:27.819000+00:00,32667281500
BTC_USDT,79832.0,0.00187,Sell,2026-09-06 09:40:28.662000+00:00,32667284349
BTC_USDT,79833.0,0.00455,Sell,2026-09-06 09:40:29.476000+00:00,32667287054
BTC_USDT,79846.3,0.00485,Sell,2026-09-06 09:40:31.569000+00:00,32667294093
BTC_USDT,79846.3,0.00450,Sell,2026-09-06 09:40:33.682000+00:00,32667300406
BTC_USDT,79846.3,0.00555,Sell,2026-09-06 09:40:37.886000+00:00,32667313626
BTC_USDT,79846.3,0.00626,Buy,2026-09-06 09:40:39.974000+00:00,32667320326
BTC_USDT,79846.3,0.00490,Buy,2026-09-06 09:40:42.074000+00:00,32667327089
BTC_USDT,79848.1,0.00505,Buy,2026-09-06 09:40:44.254000+00:00,32667333856
BTC_USDT,79848.1,0.00455,Sell,2026-09-06 09:40:50.688000+00:00,32667354325
BTC_USDT,79856.3,0.00530,Buy,2026-09-06 09:40:59.821000+00:00,32667382453
BTC_USDT,79856.3,0.00530,Buy,2026-09-06 09:41:02.067000+00:00,32667389728
BTC_USDT,79858.2,0.00595,Sell,2026-09-06 09:41:04.278000+00:00,32667396283
BTC_USDT,79858.2,0.00560,Sell,2026-09-06 09:41:08.611000+00:00,32667409486
BTC_USDT,79858.2,0.00525,Buy,2026-09-06 09:41:15.103000+00:00,32667429343
BTC_USDT,79858.2,0.00585,Buy,2026-09-06 09:41:19.374000+00:00,32667443001
BTC_USDT,79858.2,0.00610,Sell,2026-09-06 09:41:21.602000+00:00,32667450640
BTC_USDT,79857.9,0.00902,Sell,2026-09-06 09:41:22.198000+00:00,32667452522
BTC_USDT,79858.2,0.00560,Sell,2026-09-06 09:41:23.742000+00:00,32667457178
BTC_USDT,79851.8,0.00480,Buy,2026-09-06 09:41:27.886000+00:00,32667469625
BTC_USDT,79851.8,0.00425,Sell,2026-09-06 09:41:29.956000+00:00,32667476368
BTC_USDT,79851.8,0.00470,Sell,2026-09-06 09:41:32.241000+00:00,32667483467
BTC_USDT,79851.8,0.00595,Sell,2026-09-06 09:41:36.660000+00:00,32667496978
BTC_USDT,79853.0,0.00018,Buy,2026-09-06 09:41:39.821000+00:00,32667506809
BTC_USDT,79851.8,0.00555,Buy,2026-09-06 09:41:42.965000+00:00,32667516497
BTC_USDT,79851.7,0.00074,Sell,2026-09-06 09:41:43.989000+00:00,32667520339
BTC_USDT,79851.8,0.00525,Buy,2026-09-06 09:41:45.121000+00:00,32667523475
BTC_USDT,79852.0,0.00002,Buy,2026-09-06 09:41:48.988000+00:00,32667534969
BTC_USDT,79851.8,0.00510,Buy,2026-09-06 09:41:49.224000+00:00,32667535890
BTC_USDT,79852.7,0.00002,Sell,2026-09-06 09:41:51.361000+00:00,32667542929
BTC_USDT,79851.8,0.00528,Buy,2026-09-06 09:41:51.373000+00:00,32667542968
BTC_USDT,79840.7,0.00475,Sell,2026-09-06 09:41:54.076000+00:00,32667551377
BTC_USDT,79839.7,0.00430,Sell,2026-09-06 09:42:00.718000+00:00,32667572275
BTC_USDT,79839.7,0.00576,Sell,2026-09-06 09:42:02.941000+00:00,32667578605
BTC_USDT,79839.7,0.00490,Buy,2026-09-06 09:42:07.419000+00:00,32667592784
BTC_USDT,79839.7,0.00540,Buy,2026-09-06 09:42:11.626000+00:00,32667605848
BTC_USDT,79831.2,0.00465,Sell,2026-09-06 09:42:15.987000+00:00,32667619555
BTC_USDT,79830.9,0.00500,Sell,2026-09-06 09:42:18.176000+00:00,32667626235
BTC_USDT,79831.6,0.00569,Buy,2026-09-06 09:42:18.794000+00:00,32667627976
BTC_USDT,79837.3,0.00596,Buy,2026-09-06 09:42:22.316000+00:00,32667639026
BTC_USDT,79835.3,0.00531,Sell,2026-09-06 09:42:26.648000+00:00,32667652397
BTC_USDT,79835.3,0.00536,Sell,2026-09-06 09:42:28.863000+00:00,32667658843
BTC_USDT,79835.3,0.00626,Sell,2026-09-06 09:42:31.106000+00:00,32667665694
BTC_USDT,79835.3,0.00440,Buy,2026-09-06 09:42:33.330000+00:00,32667672391
BTC_USDT,79836.8,0.00074,Buy,2026-09-06 09:42:33.574000+00:00,32667673183
BTC_USDT,79835.3,0.00525,Sell,2026-09-06 09:42:35.673000+00:00,32667679856
BTC_USDT,79835.3,0.00465,Buy,2026-09-06 09:42:40.279000+00:00,32667694436
BTC_USDT,79835.3,0.00445,Sell,2026-09-06 09:42:46.611000+00:00,32667714266
BTC_USDT,79835.3,0.00581,Buy,2026-09-06 09:42:48.925000+00:00,32667720843
BTC_USDT,79835.3,0.00455,Buy,2026-09-06 09:42:51.146000+00:00,32667728377
BTC_USDT,79834.8,0.0025,Sell,2026-09-06 09:42:52.292000+00:00,32667732143
BTC_USDT,79835.9,0.00009,Sell,2026-09-06 09:42:53.855000+00:00,32667736820
BTC_USDT,79835.3,0.00546,Buy,2026-09-06 09:42:56.051000+00:00,32667743939
BTC_USDT,79835.3,0.00510,Buy,2026-09-06 09:43:02.573000+00:00,32667764193
BTC_USDT,79835.3,0.00606,Buy,2026-09-06 09:43:06.860000+00:00,32667777760
BTC_USDT,79835.3,0.00591,Buy,2026-09-06 09:43:13.457000+00:00,32667798038
BTC_USDT,79835.3,0.00455,Sell,2026-09-06 09:43:19.946000+00:00,32667818165
BTC_USDT,79835.3,0.00485,Buy,2026-09-06 09:43:22.168000+00:00,32667825465
BTC_USDT,79835.3,0.00546,Sell,2026-09-06 09:43:24.278000+00:00,32667832167
BTC_USDT,79835.3,0.00495,Sell,2026-09-06 09:43:26.449000+00:00,32667838886
BTC_USDT,79835.3,0.00611,Sell,2026-09-06 09:43:35.013000+00:00,32667865366
BTC_USDT,79835.3,0.00485,Sell,2026-09-06 09:43:37.222000+00:00,32667872087
BTC_USDT,79835.3,0.00606,Sell,2026-09-06 09:43:39.307000+00:00,32667878557
BTC_USDT,79836.4,0.0008,Buy,2026-09-06 09:43:42.616000+00:00,32667889030
BTC_USDT,79835.3,0.00541,Buy,2026-09-06 09:43:43.566000+00:00,32667892072
BTC_USDT,79835.3,0.00626,Buy,2026-09-06 09:43:46.005000+00:00,32667900329
BTC_USDT,79819.2,0.00511,Buy,2026-09-06 09:43:48.831000+00:00,32667912186
BTC_USDT,79812.9,0.00536,Sell,2026-09-06 09:43:51.416000+00:00,32667922016
BTC_USDT,79813.8,0.00598,Buy,2026-09-06 09:43:52.876000+00:00,32667926341
BTC_USDT,79813.0,0.00551,Buy,2026-09-06 09:43:54.290000+00:00,32667931303
BTC_USDT,79817.0,0.00556,Buy,2026-09-06 09:43:56.464000+00:00,32667938134
BTC_USDT,79817.0,0.00440,Sell,2026-09-06 09:43:58.631000+00:00,32667944629
BTC_USDT,79818.1,0.00024,Buy,2026-09-06 09:44:00.754000+00:00,32667951202
BTC_USDT,79817.0,0.00445,Buy,2026-09-06 09:44:00.919000+00:00,32667951692
BTC_USDT,79817.0,0.00465,Buy,2026-09-06 09:44:03.111000+00:00,32667958745
BTC_USDT,79817.0,0.00476,Buy,2026-09-06 09:44:05.350000+00:00,32667966534
BTC_USDT,79809.6,0.00516,Sell,2026-09-06 09:44:07.587000+00:00,32667973496
BTC_USDT,79805.4,0.00435,Buy,2026-09-06 09:44:09.824000+00:00,32667980105
BTC_USDT,79812.8,0.00461,Sell,2026-09-06 09:44:12.055000+00:00,32667987330
BTC_USDT,79813.9,0.00219,Buy,2026-09-06 09:44:12.681000+00:00,32667989235
BTC_USDT,79811.9,0.00532,Buy,2026-09-06 09:44:18.367000+00:00,32668007278
BTC_USDT,79812.8,0.00064,Sell,2026-09-06 09:44:18.379000+00:00,32668007317
BTC_USDT,79806.2,0.00002,Buy,2026-09-06 09:44:20.538000+00:00,32668013718
BTC_USDT,79812.8,0.00534,Sell,2026-09-06 09:44:20.552000+00:00,32668013758
BTC_USDT,79814.1,0.0023,Buy,2026-09-06 09:44:24.027000+00:00,32668024197
BTC_USDT,79812.8,0.00576,Sell,2026-09-06 09:44:24.789000+00:00,32668026511
BTC_USDT,79812.8,0.00501,Sell,2026-09-06 09:44:26.785000+00:00,32668032962
BTC_USDT,79812.8,0.00471,Buy,2026-09-06 09:44:28.829000+00:00,32668039104
BTC_USDT,79812.8,0.00616,Buy,2026-09-06 09:44:30.900000+00:00,32668045738
BTC_USDT,79812.8,0.00466,Sell,2026-09-06 09:44:32.952000+00:00,32668051963
BTC_USDT,79812.8,0.00511,Buy,2026-09-06 09:44:35.081000+00:00,32668058594
BTC_USDT,79812.8,0.00526,Sell,2026-09-06 09:44:39.176000+00:00,32668071118
BTC_USDT,79815.1,0.00501,Buy,2026-09-06 09:44:45.761000+00:00,32668091208
BTC_USDT,79816.3,0.00423,Buy,2026-09-06 09:44:46.685000+00:00,32668094450
BTC_USDT,79815.1,0.00606,Sell,2026-09-06 09:44:47.939000+00:00,32668098384
BTC_USDT,79815.1,0.00496,Buy,2026-09-06 09:44:50.065000+00:00,32668105153
BTC_USDT,79815.1,0.00551,Sell,2026-09-06 09:44:52.284000+00:00,32668111854
BTC_USDT,79815.4,0.0003,Buy,2026-09-06 09:45:00.766000+00:00,32668138381
BTC_USDT,79815.4,0.00012,Buy,2026-09-06 09:45:01.063000+00:00,32668139174
BTC_USDT,79815.1,0.00460,Sell,2026-09-06 09:45:01.215000+00:00,32668139618
BTC_USDT,79815.1,0.00531,Sell,2026-09-06 09:45:05.393000+00:00,32668152737
BTC_USDT,79815.1,0.00486,Buy,2026-09-06 09:45:09.603000+00:00,32668165587
BTC_USDT,79815.1,0.00425,Buy,2026-09-06 09:45:15.875000+00:00,32668185184
BTC_USDT,79815.1,0.00576,Buy,2026-09-06 09:45:17.992000+00:00,32668191672
BTC_USDT,79815.1,0.00516,Sell,2026-09-06 09:45:22.122000+00:00,32668204836
BTC_USDT,79815.7,0.001,Buy,2026-09-06 09:45:26.186000+00:00,32668217233
BTC_USDT,79812.8,0.00511,Buy,2026-09-06 09:45:26.478000+00:00,32668218119
BTC_USDT,79812.8,0.00556,Sell,2026-09-06 09:45:28.639000+00:00,32668224685
BTC_USDT,79811.5,0.00047,Buy,2026-09-06 09:45:32.993000+00:00,32668238251
BTC_USDT,79813.9,0.00435,Sell,2026-09-06 09:45:37.256000+00:00,32668251981
BTC_USDT,79813.9,0.00551,Sell,2026-09-06 09:45:41.362000+00:00,32668264912
BTC_USDT,79814,0.00005,Buy,2026-09-06 09:45:45.555000+00:00,32668278533
BTC_USDT,79815.1,0.00566,Buy,2026-09-06 09:45:51.690000+00:00,32668297844
BTC_USDT,79815.1,0.00481,Buy,2026-09-06 09:45:56.229000+00:00,32668312654
BTC_USDT,79815.1,0.00440,Sell,2026-09-06 09:45:58.369000+00:00,32668319413
BTC_USDT,79815.1,0.00440,Buy,2026-09-06 09:46:00.537000+00:00,32668325974
BTC_USDT,79815.1,0.00526,Buy,2026-09-06 09:46:02.694000+00:00,32668332531
BTC_USDT,79815.1,0.00616,Buy,2026-09-06 09:46:04.852000+00:00,32668339055
BTC_USDT,79815.1,0.00501,Buy,2026-09-06 09:46:06.946000+00:00,32668345927
BTC_USDT,79815.1,0.00425,Sell,2026-09-06 09:46:09.043000+00:00,32668352619
BTC_USDT,79815.4,0.00002,Sell,2026-09-06 09:46:11.162000+00:00,32668359004
BTC_USDT,79815.1,0.00496,Buy,2026-09-06 09:46:11.174000+00:00,32668359042
BTC_USDT,79815.1,0.00005,Sell,2026-09-06 09:46:12.846000+00:00,32668364279
BTC_USDT,79815.1,0.00561,Buy,2026-09-06 09:46:17.581000+00:00,32668379098
BTC_USDT,79815.1,0.00425,Sell,2026-09-06 09:46:19.714000+00:00,32668385473
BTC_USDT,79816.5,0.00002,Buy,2026-09-06 09:46:20.102000+00:00,32668386715
BTC_USDT,79813.8,0.00002,Sell,2026-09-06 09:46:21.217000+00:00,32668390153
BTC_USDT,79815.1,0.00611,Sell,2026-09-06 09:46:21.861000+00:00,32668392191
BTC_USDT,79811.5,0.00005,Sell,2026-09-06 09:46:24.084000+00:00,32668399807
BTC_USDT,79815.7,0.00031,Sell,2026-09-06 09:46:26.318000+00:00,32668406340
BTC_USDT,79815.7,0.00435,Sell,2026-09-06 09:46:28.484000+00:00,32668413440
BTC_USDT,79818.5,0.00061,Buy,2026-09-06 09:46:28.834000+00:00,32668414389
BTC_USDT,79818.5,0.00003,Buy,2026-09-06 09:46:29.830000+00:00,32668417375
BTC_USDT,79815.7,0.00239,Sell,2026-09-06 09:46:32.856000+00:00,32668426820
BTC_USDT,79803.7,0.00461,Buy,2026-09-06 09:46:35.181000+00:00,32668433823
BTC_USDT,79803.2,0.00045,Sell,2026-09-06 09:46:35.557000+00:00,32668434892
BTC_USDT,79803.7,0.00621,Sell,2026-09-06 09:46:37.333000+00:00,32668440445
BTC_USDT,79800.5,0.00606,Buy,2026-09-06 09:46:39.469000+00:00,32668446736
BTC_USDT,79800.5,0.00481,Sell,2026-09-06 09:46:41.651000+00:00,32668453676
BTC_USDT,79801.0,0.00008,Buy,2026-09-06 09:46:43.279000+00:00,32668458954
BTC_USDT,79801.0,0.00287,Buy,2026-09-06 09:46:43.402000+00:00,32668459317
BTC_USDT,79800.5,0.00586,Buy,2026-09-06 09:46:46.072000+00:00,32668467591
BTC_USDT,79800.5,0.00496,Sell,2026-09-06 09:46:48.269000+00:00,32668474506
BTC_USDT,79800.5,0.00546,Buy,2026-09-06 09:46:52.669000+00:00,32668488624
BTC_USDT,79800,0.00002,Sell,2026-09-06 09:46:56.393000+00:00,32668500508
BTC_USDT,79800.5,0.00596,Buy,2026-09-06 09:46:57.479000+00:00,32668503489
BTC_USDT,79800,0.00001,Sell,2026-09-06 09:47:00.878000+00:00,32668513965
BTC_USDT,79800,0.00034,Sell,2026-09-06 09:47:02.312000+00:00,32668518409
BTC_USDT,79799.5,0.00581,Buy,2026-09-06 09:47:06.397000+00:00,32668531504
BTC_USDT,79799.5,0.00521,Sell,2026-09-06 09:47:08.704000+00:00,32668538702
BTC_USDT,79799.5,0.00436,Sell,2026-09-06 09:47:11.078000+00:00,32668545994
BTC_USDT,79799.5,0.00425,Buy,2026-09-06 09:47:13.390000+00:00,32668552797
BTC_USDT,79799.5,0.00591,Buy,2026-09-06 09:47:15.585000+00:00,32668559736
BTC_USDT,79797.9,0.00002,Sell,2026-09-06 09:47:19.002000+00:00,32668570266
BTC_USDT,79799.5,0.00466,Buy,2026-09-06 09:47:19.987000+00:00,32668573379
BTC_USDT,79804.6,0.00501,Sell,2026-09-06 09:47:24.295000+00:00,32668586817
BTC_USDT,79808.3,0.00466,Sell,2026-09-06 09:47:34.967000+00:00,32668620098
BTC_USDT,79808.3,0.00430,Sell,2026-09-06 09:47:37.108000+00:00,32668626699
BTC_USDT,79809.4,0.00008,Buy,2026-09-06 09:47:38.472000+00:00,32668631277
BTC_USDT,79808.3,0.00461,Buy,2026-09-06 09:47:39.212000+00:00,32668633639
BTC_USDT,79807.9,0.00091,Sell,2026-09-06 09:47:41.733000+00:00,32668640937
BTC_USDT,79808.3,0.00616,Sell,2026-09-06 09:47:43.612000+00:00,32668646550
BTC_USDT,79808.3,0.00626,Sell,2026-09-06 09:47:45.853000+00:00,32668653108
BTC_USDT,79808.3,0.00616,Buy,2026-09-06 09:47:48.079000+00:00,32668659976
BTC_USDT,79808.3,0.00591,Sell,2026-09-06 09:47:50.285000+00:00,32668667240
BTC_USDT,79809.4,0.03682,Buy,2026-09-06 09:47:50.743000+00:00,32668668593
BTC_USDT,79808.3,0.00516,Buy,2026-09-06 09:47:52.484000+00:00,32668673947
BTC_USDT,79814.7,0.00511,Buy,2026-09-06 09:47:54.844000+00:00,32668680796
BTC_USDT,79814.7,0.00516,Sell,2026-09-06 09:47:57.538000+00:00,32668688777
BTC_USDT,79814.7,0.00506,Buy,2026-09-06 09:47:59.707000+00:00,32668695749
BTC_USDT,79816.2,0.00066,Buy,2026-09-06 09:48:01.355000+00:00,32668700827
BTC_USDT,79814.7,0.00476,Buy,2026-09-06 09:48:01.861000+00:00,32668702412
BTC_USDT,79814.7,0.00621,Sell,2026-09-06 09:48:04.016000+00:00,32668709101
BTC_USDT,79814.7,0.00586,Buy,2026-09-06 09:48:08.354000+00:00,32668722476
BTC_USDT,79814.7,0.00551,Buy,2026-09-06 09:48:12.736000+00:00,32668736506
BTC_USDT,79814.7,0.00501,Sell,2026-09-06 09:48:14.946000+00:00,32668743101
BTC_USDT,79814.7,0.00621,Sell,2026-09-06 09:48:17.178000+00:00,32668749806
BTC_USDT,79814.7,0.00521,Sell,2026-09-06 09:48:19.521000+00:00,32668757084
BTC_USDT,79816.3,0.04064,Buy,2026-09-06 09:48:24.564000+00:00,32668772262
BTC_USDT,79814.7,0.00601,Buy,2026-09-06 09:48:26.243000+00:00,32668777182
BTC_USDT,79815.8,0.00343,Buy,2026-09-06 09:48:27.441000+00:00,32668780683
BTC_USDT,79833.9,0.00596,Sell,2026-09-06 09:48:30.657000+00:00,32668790752
BTC_USDT,79833.9,0.00506,Buy,2026-09-06 09:48:32.845000+00:00,32668797385
BTC_USDT,79833.9,0.00466,Sell,2026-09-06 09:48:34.988000+00:00,32668803982
BTC_USDT,79833.9,0.00491,Sell,2026-09-06 09:48:37.168000+00:00,32668810577
BTC_USDT,79830.7,0.00516,Sell,2026-09-06 09:48:41.502000+00:00,32668824027
BTC_USDT,79831.9,0.00057,Buy,2026-09-06 09:48:42.543000+00:00,32668827438
BTC_USDT,79830.7,0.00556,Sell,2026-09-06 09:48:43.793000+00:00,32668831256
BTC_USDT,79830.7,0.00486,Sell,2026-09-06 09:48:45.986000+00:00,32668837862
BTC_USDT,79830.7,0.00561,Buy,2026-09-06 09:48:52.538000+00:00,32668857916
BTC_USDT,79831.9,0.00057,Sell,2026-09-06 09:49:07.176000+00:00,32668883380
BTC_USDT,79830.7,0.00419,Buy,2026-09-06 09:49:07.193000+00:00,32668883444
BTC_USDT,79830.7,0.00446,Buy,2026-09-06 09:49:09.827000+00:00,32668892090
BTC_USDT,79830.1,0.00261,Sell,2026-09-06 09:49:13.558000+00:00,32668902754
BTC_USDT,79836.4,0.00606,Sell,2026-09-06 09:49:16.943000+00:00,32668913241
BTC_USDT,79836.6,0.00546,Buy,2026-09-06 09:49:19.231000+00:00,32668920452
BTC_USDT,79837.9,0.0001,Buy,2026-09-06 09:49:22.532000+00:00,32668930210
BTC_USDT,79836.6,0.00566,Buy,2026-09-06 09:49:23.633000+00:00,32668933209
BTC_USDT,79836.6,0.00581,Buy,2026-09-06 09:49:30.262000+00:00,32668954261
BTC_USDT,79836.6,0.00621,Sell,2026-09-06 09:49:32.383000+00:00,32668960297
BTC_USDT,79836.6,0.00571,Sell,2026-09-06 09:49:39.060000+00:00,32668980729
BTC_USDT,79836.6,0.00471,Buy,2026-09-06 09:49:43.389000+00:00,32668993721
BTC_USDT,79837.9,0.00046,Sell,2026-09-06 09:49:45.487000+00:00,32668999814
BTC_USDT,79836.6,0.00485,Buy,2026-09-06 09:49:45.499000+00:00,32668999868
BTC_USDT,79836.6,0.00546,Buy,2026-09-06 09:49:47.734000+00:00,32669007701
BTC_USDT,79836.6,0.00025,Sell,2026-09-06 09:49:49.886000+00:00,32669014448
BTC_USDT,79836.6,0.00446,Buy,2026-09-06 09:49:49.905000+00:00,32669014490
BTC_USDT,79836.7,0.00481,Sell,2026-09-06 09:49:54.275000+00:00,32669027152
BTC_USDT,79836.7,0.00626,Sell,2026-09-06 09:49:57.141000+00:00,32669036049
BTC_USDT,79836.7,0.00521,Buy,2026-09-06 09:49:59.505000+00:00,32669043043
BTC_USDT,79836.7,0.00337,Sell,2026-09-06 09:50:01.724000+00:00,32669049680
BTC_USDT,79836.7,0.00025,Sell,2026-09-06 09:50:06.090000+00:00,32669062573
BTC_USDT,79836.7,0.00481,Buy,2026-09-06 09:50:06.103000+00:00,32669062623
BTC_USDT,79836.7,0.00025,Sell,2026-09-06 09:50:07.206000+00:00,32669066084
BTC_USDT,79836.7,0.00481,Buy,2026-09-06 09:50:08.529000+00:00,32669070643
BTC_USDT,79837.7,0.00015,Buy,2026-09-06 09:50:16.571000+00:00,32669095467
BTC_USDT,79836.7,0.00606,Buy,2026-09-06 09:50:17.817000+00:00,32669099500
BTC_USDT,79836.7,0.00556,Sell,2026-09-06 09:50:24.462000+00:00,32669119329
BTC_USDT,79836.7,0.00546,Buy,2026-09-06 09:50:28.866000+00:00,32669133430
BTC_USDT,79836.7,0.00521,Sell,2026-09-06 09:50:33.320000+00:00,32669146367
BTC_USDT,79836.7,0.00511,Buy,2026-09-06 09:50:35.582000+00:00,32669152921
BTC_USDT,79836.7,0.00561,Sell,2026-09-06 09:50:37.853000+00:00,32669160706
BTC_USDT,79836.7,0.00491,Buy,2026-09-06 09:50:40.054000+00:00,32669167587
BTC_USDT,79837.8,0.00026,Buy,2026-09-06 09:50:42.418000+00:00,32669174524
BTC_USDT,79836.7,0.00566,Sell,2026-09-06 09:50:44.416000+00:00,32669180427
BTC_USDT,79836.7,0.00521,Buy,2026-09-06 09:50:49.014000+00:00,32669194686
BTC_USDT,79836.7,0.00496,Sell,2026-09-06 09:50:51.480000+00:00,32669202111
BTC_USDT,79836.7,0.00511,Sell,2026-09-06 09:50:53.718000+00:00,32669208723
BTC_USDT,79837,0.00111,Sell,2026-09-06 09:50:56.010000+00:00,32669215445
BTC_USDT,79836.7,0.00339,Buy,2026-09-06 09:50:56.023000+00:00,32669215493
BTC_USDT,79836.7,0.00456,Sell,2026-09-06 09:50:58.955000+00:00,32669224666
BTC_USDT,79838.2,0.00005,Buy,2026-09-06 09:51:03.358000+00:00,32669237788
BTC_USDT,79836.7,0.00581,Buy,2026-09-06 09:51:03.441000+00:00,32669238093
BTC_USDT,79836.7,0.00461,Sell,2026-09-06 09:51:05.802000+00:00,32669245345
BTC_USDT,79836.7,0.00491,Buy,2026-09-06 09:51:08.236000+00:00,32669253563
BTC_USDT,79836.7,0.00501,Buy,2026-09-06 09:51:10.469000+00:00,32669261048
BTC_USDT,79836.7,0.00601,Sell,2026-09-06 09:51:12.687000+00:00,32669267599
BTC_USDT,79835.9,0.00094,Sell,2026-09-06 09:51:16.004000+00:00,32669277297
BTC_USDT,79836.7,0.00626,Buy,2026-09-06 09:51:17.164000+00:00,32669281175
BTC_USDT,79836.7,0.00581,Buy,2026-09-06 09:51:19.450000+00:00,32669287933
BTC_USDT,79836.7,0.00546,Sell,2026-09-06 09:51:26.094000+00:00,32669307593
BTC_USDT,79836.7,0.00531,Sell,2026-09-06 09:51:30.626000+00:00,32669321770
BTC_USDT,79836.7,0.00491,Buy,2026-09-06 09:51:32.924000+00:00,32669328224
BTC_USDT,79836.7,0.00536,Sell,2026-09-06 09:51:35.242000+00:00,32669334640
BTC_USDT,79836.7,0.00541,Buy,2026-09-06 09:51:37.565000+00:00,32669342757
BTC_USDT,79832.0,0.00596,Buy,2026-09-06 09:51:46.482000+00:00,32669369583
BTC_USDT,79832.0,0.00556,Sell,2026-09-06 09:51:48.735000+00:00,32669376707
BTC_USDT,79832.7,0.00008,Sell,2026-09-06 09:51:50.916000+00:00,32669383303
BTC_USDT,79831.9,0.0001,Sell,2026-09-06 09:51:53.267000+00:00,32669390102
BTC_USDT,79832.0,0.00516,Buy,2026-09-06 09:51:55.302000+00:00,32669395806
BTC_USDT,79832.0,0.00440,Buy,2026-09-06 09:52:00.454000+00:00,32669412458
BTC_USDT,79832.0,0.00481,Buy,2026-09-06 09:52:02.857000+00:00,32669419600
BTC_USDT,79832.0,0.00496,Buy,2026-09-06 09:52:05.256000+00:00,32669426605
BTC_USDT,79832.0,0.00486,Sell,2026-09-06 09:52:07.580000+00:00,32669434258
BTC_USDT,79832.0,0.00446,Sell,2026-09-06 09:52:09.843000+00:00,32669441288
BTC_USDT,79832.0,0.00491,Buy,2026-09-06 09:52:12.100000+00:00,32669447888
BTC_USDT,79832.0,0.00506,Buy,2026-09-06 09:52:18.931000+00:00,32669469392
BTC_USDT,79832.0,0.00606,Sell,2026-09-06 09:52:21.199000+00:00,32669476084
BTC_USDT,79832.0,0.00621,Sell,2026-09-06 09:52:23.408000+00:00,32669482785
BTC_USDT,79832.0,0.00566,Sell,2026-09-06 09:52:25.676000+00:00,32669490377
BTC_USDT,79832.0,0.00456,Sell,2026-09-06 09:52:27.930000+00:00,32669497562
BTC_USDT,79832.0,0.00601,Buy,2026-09-06 09:52:30.077000+00:00,32669504035
BTC_USDT,79832.0,0.00456,Sell,2026-09-06 09:52:32.266000+00:00,32669510416
BTC_USDT,79832.0,0.00556,Buy,2026-09-06 09:52:34.493000+00:00,32669517486
BTC_USDT,79832.0,0.00451,Sell,2026-09-06 09:52:36.784000+00:00,32669524949
BTC_USDT,79831.9,0.00047,Sell,2026-09-06 09:52:37.533000+00:00,32669527034
BTC_USDT,79831.5,0.00023,Sell,2026-09-06 09:52:38.858000+00:00,32669531944
BTC_USDT,79839.0,0.00521,Sell,2026-09-06 09:52:39.170000+00:00,32669532770
BTC_USDT,79821.4,0.00430,Sell,2026-09-06 09:52:43.558000+00:00,32669545562
BTC_USDT,79823.4,0.00581,Sell,2026-09-06 09:52:45.750000+00:00,32669552204
BTC_USDT,79823.4,0.00581,Buy,2026-09-06 09:52:47.774000+00:00,32669558910
BTC_USDT,79822.7,0.01109,Sell,2026-09-06 09:52:48.641000+00:00,32669561731
BTC_USDT,79823.4,0.00516,Sell,2026-09-06 09:52:49.799000+00:00,32669565511
BTC_USDT,79823.4,0.00455,Sell,2026-09-06 09:52:51.811000+00:00,32669571149
BTC_USDT,79824.9,0.001,Buy,2026-09-06 09:52:53.123000+00:00,32669574780
BTC_USDT,79823.4,0.00506,Sell,2026-09-06 09:52:53.849000+00:00,32669576949
BTC_USDT,79823.4,0.00581,Sell,2026-09-06 09:52:57.858000+00:00,32669589610
BTC_USDT,79823.8,0.00062,Buy,2026-09-06 09:53:04.228000+00:00,32669609019
BTC_USDT,79823.4,0.00556,Buy,2026-09-06 09:53:06.514000+00:00,32669616586
BTC_USDT,79823.4,0.00471,Sell,2026-09-06 09:53:08.668000+00:00,32669623238
BTC_USDT,79823.4,0.00541,Sell,2026-09-06 09:53:10.831000+00:00,32669629617
BTC_USDT,79823.4,0.00566,Buy,2026-09-06 09:53:13.044000+00:00,32669636048
BTC_USDT,79823.4,0.00460,Buy,2026-09-06 09:53:17.358000+00:00,32669649448
BTC_USDT,79823.4,0.00455,Buy,2026-09-06 09:53:19.563000+00:00,32669656714
BTC_USDT,79822.5,0.01493,Sell,2026-09-06 09:53:21.100000+00:00,32669660665
BTC_USDT,79823.4,0.00531,Sell,2026-09-06 09:53:23.913000+00:00,32669669498
BTC_USDT,79823.4,0.00476,Buy,2026-09-06 09:53:26.083000+00:00,32669676217
BTC_USDT,79822.8,0.00078,Sell,2026-09-06 09:53:30.560000+00:00,32669689791
BTC_USDT,79823.4,0.00516,Buy,2026-09-06 09:53:32.537000+00:00,32669695651
BTC_USDT,79823.4,0.00501,Sell,2026-09-06 09:53:36.942000+00:00,32669709905
BTC_USDT,79823.4,0.00581,Sell,2026-09-06 09:53:39.080000+00:00,32669716768
BTC_USDT,79823.4,0.00511,Sell,2026-09-06 09:53:41.208000+00:00,32669723109
BTC_USDT,79823.4,0.00531,Sell,2026-09-06 09:53:43.323000+00:00,32669729640
BTC_USDT,79824.2,0.00025,Buy,2026-09-06 09:53:43.403000+00:00,32669729892
BTC_USDT,79823.4,0.00576,Sell,2026-09-06 09:53:47.667000+00:00,32669743579
BTC_USDT,79823.4,0.00476,Buy,2026-09-06 09:53:49.861000+00:00,32669750354
BTC_USDT,79823.4,0.00425,Sell,2026-09-06 09:53:51.961000+00:00,32669756678
BTC_USDT,79823.4,0.00491,Buy,2026-09-06 09:53:54.126000+00:00,32669763038
BTC_USDT,79823.4,0.00626,Buy,2026-09-06 09:53:58.647000+00:00,32669777520
BTC_USDT,79823.4,0.00450,Sell,2026-09-06 09:54:01.418000+00:00,32669785528
BTC_USDT,79823.8,0.00004,Sell,2026-09-06 09:54:03.734000+00:00,32669792930
BTC_USDT,79823.4,0.00582,Buy,2026-09-06 09:54:03.749000+00:00,32669792973
BTC_USDT,79823.4,0.00611,Buy,2026-09-06 09:54:06.073000+00:00,32669799983
BTC_USDT,79823.4,0.00576,Sell,2026-09-06 09:54:10.633000+00:00,32669814449
BTC_USDT,79823.4,0.00430,Sell,2026-09-06 09:54:12.881000+00:00,32669821080
BTC_USDT,79823.4,0.00465,Sell,2026-09-06 09:54:15.152000+00:00,32669827436
BTC_USDT,79823.4,0.00516,Buy,2026-09-06 09:54:17.460000+00:00,32669834989
BTC_USDT,79823.4,0.00571,Sell,2026-09-06 09:54:21.865000+00:00,32669848981
BTC_USDT,79822.3,0.0003,Sell,2026-09-06 09:54:21.969000+00:00,32669849325
BTC_USDT,79823.4,0.00531,Sell,2026-09-06 09:54:24.154000+00:00,32669856042
BTC_USDT,79823.4,0.00546,Buy,2026-09-06 09:54:26.587000+00:00,32669863310
BTC_USDT,79823.4,0.00551,Buy,2026-09-06 09:54:28.884000+00:00,32669870378
BTC_USDT,79823.4,0.00581,Buy,2026-09-06 09:54:31.024000+00:00,32669876754
BTC_USDT,79823.4,0.00606,Buy,2026-09-06 09:54:33.238000+00:00,32669883722
BTC_USDT,79823.4,0.00430,Sell,2026-09-06 09:54:37.861000+00:00,32669897584
BTC_USDT,79823.4,0.00506,Sell,2026-09-06 09:54:40.029000+00:00,32669903974
BTC_USDT,79823.4,0.00606,Buy,2026-09-06 09:54:44.383000+00:00,32669917249
BTC_USDT,79823.4,0.00561,Buy,2026-09-06 09:54:46.540000+00:00,32669923999
BTC_USDT,79823.4,0.00501,Sell,2026-09-06 09:54:48.624000+00:00,32669930340
BTC_USDT,79823.4,0.00536,Sell,2026-09-06 09:54:52.907000+00:00,32669942778
BTC_USDT,79823.4,0.00471,Buy,2026-09-06 09:54:54.959000+00:00,32669949014
BTC_USDT,79823.4,0.00606,Buy,2026-09-06 09:54:57.110000+00:00,32669955591
BTC_USDT,79823.4,0.00526,Sell,2026-09-06 09:54:59.200000+00:00,32669961720
BTC_USDT,79823.4,0.00450,Buy,2026-09-06 09:55:01.827000+00:00,32669969785
BTC_USDT,79823.7,0.00027,Buy,2026-09-06 09:55:03.294000+00:00,32669974377
BTC_USDT,79815.5,0.00435,Buy,2026-09-06 09:55:06.334000+00:00,32669983837
BTC_USDT,79815.5,0.00531,Sell,2026-09-06 09:55:08.762000+00:00,32669991080
BTC_USDT,79815.5,0.00496,Buy,2026-09-06 09:55:11.036000+00:00,32669998000
BTC_USDT,79815.5,0.00531,Buy,2026-09-06 09:55:13.226000+00:00,32670004584
BTC_USDT,79814.1,0.00031,Sell,2026-09-06 09:55:14.127000+00:00,32670007524
BTC_USDT,79815.5,0.00435,Sell,2026-09-06 09:55:15.423000+00:00,32670011389
BTC_USDT,79815.5,0.00536,Buy,2026-09-06 09:55:19.958000+00:00,32670025846
BTC_USDT,79815.8,0.00248,Buy,2026-09-06 09:55:20.823000+00:00,32670028592
BTC_USDT,79812.3,0.00621,Buy,2026-09-06 09:55:22.382000+00:00,32670033517
BTC_USDT,79812.3,0.00501,Buy,2026-09-06 09:55:29.429000+00:00,32670054527
BTC_USDT,79812.3,0.00571,Buy,2026-09-06 09:55:31.714000+00:00,32670061978
BTC_USDT,79812.3,0.00440,Sell,2026-09-06 09:55:38.770000+00:00,32670084009
BTC_USDT,79812.3,0.00581,Sell,2026-09-06 09:55:41.183000+00:00,32670090988
BTC_USDT,79812.3,0.00601,Sell,2026-09-06 09:55:43.539000+00:00,32670098198
BTC_USDT,79811.1,0.00008,Sell,2026-09-06 09:55:51.472000+00:00,32670122092
BTC_USDT,79812.3,0.00606,Buy,2026-09-06 09:55:53.010000+00:00,32670126732
BTC_USDT,79812.3,0.00531,Buy,2026-09-06 09:55:55.346000+00:00,32670133500
BTC_USDT,79812.3,0.00616,Sell,2026-09-06 09:56:00.010000+00:00,32670148020
BTC_USDT,79812.3,0.00546,Sell,2026-09-06 09:56:02.886000+00:00,32670156938
BTC_USDT,79812.3,0.00586,Buy,2026-09-06 09:56:05.320000+00:00,32670164059
BTC_USDT,79812.3,0.00491,Buy,2026-09-06 09:56:07.764000+00:00,32670171843
BTC_USDT,79812.3,0.00466,Buy,2026-09-06 09:56:12.539000+00:00,32670186223
BTC_USDT,79812.6,0.00004,Sell,2026-09-06 09:56:19.875000+00:00,32670208361
BTC_USDT,79812.3,0.00626,Sell,2026-09-06 09:56:24.628000+00:00,32670222932
BTC_USDT,79812.3,0.00501,Sell,2026-09-06 09:56:27.073000+00:00,32670230421
BTC_USDT,79812.3,0.00566,Buy,2026-09-06 09:56:29.566000+00:00,32670238172
BTC_USDT,79812.3,0.00456,Sell,2026-09-06 09:56:34.234000+00:00,32670252455
BTC_USDT,79810.8,0.0005,Sell,2026-09-06 09:56:35.390000+00:00,32670255633
BTC_USDT,79812.1,0.00038,Buy,2026-09-06 09:56:38.486000+00:00,32670265606
BTC_USDT,79812.1,0.00088,Buy,2026-09-06 09:56:39.087000+00:00,32670267426
BTC_USDT,79812.3,0.00541,Buy,2026-09-06 09:56:41.601000+00:00,32670275018
BTC_USDT,79812.3,0.00466,Sell,2026-09-06 09:56:43.845000+00:00,32670281927
BTC_USDT,79812.3,0.00591,Sell,2026-09-06 09:56:46.201000+00:00,32670288795
BTC_USDT,79812.3,0.00531,Buy,2026-09-06 09:56:48.502000+00:00,32670296031
BTC_USDT,79812.3,0.00586,Sell,2026-09-06 09:56:51.007000+00:00,32670303663
BTC_USDT,79812.3,0.00566,Buy,2026-09-06 09:56:53.469000+00:00,32670311232
BTC_USDT,79812.3,0.00440,Sell,2026-09-06 09:56:55.785000+00:00,32670318118
BTC_USDT,79812.3,0.00521,Sell,2026-09-06 09:56:58.117000+00:00,32670325116
BTC_USDT,79809.8,0.00546,Sell,2026-09-06 09:57:03.491000+00:00,32670342111
BTC_USDT,79809.8,0.00506,Sell,2026-09-06 09:57:05.718000+00:00,32670348787
BTC_USDT,79810.2,0.0002,Buy,2026-09-06 09:57:06.524000+00:00,32670351299
BTC_USDT,79809.8,0.00471,Sell,2026-09-06 09:57:07.995000+00:00,32670355719
BTC_USDT,79809.6,0.00252,Sell,2026-09-06 09:57:08.102000+00:00,32670356061
BTC_USDT,79804.7,0.00035,Sell,2026-09-06 09:57:14.898000+00:00,32670377150
BTC_USDT,79809.0,0.00138,Sell,2026-09-06 09:57:16.938000+00:00,32670383622
BTC_USDT,79809.8,0.00481,Sell,2026-09-06 09:57:17.155000+00:00,32670384147
BTC_USDT,79804.4,0.00162,Buy,2026-09-06 09:57:19.529000+00:00,32670391681
BTC_USDT,79803.4,0.00446,Sell,2026-09-06 09:57:21.602000+00:00,32670398042
BTC_USDT,79809.8,0.00486,Buy,2026-09-06 09:57:28.517000+00:00,32670419492
BTC_USDT,79811.4,0.00031,Buy,2026-09-06 09:57:29.627000+00:00,32670422714
BTC_USDT,79809.8,0.00561,Sell,2026-09-06 09:57:30.896000+00:00,32670426586
BTC_USDT,79809.8,0.00511,Sell,2026-09-06 09:57:33.183000+00:00,32670433485
BTC_USDT,79809.8,0.00511,Sell,2026-09-06 09:57:35.337000+00:00,32670440161
BTC_USDT,79809.1,0.0002,Sell,2026-09-06 09:57:37.021000+00:00,32670445763
BTC_USDT,79809.8,0.00441,Sell,2026-09-06 09:57:37.624000+00:00,32670447743
BTC_USDT,79809.0,0.00032,Sell,2026-09-06 09:57:39.071000+00:00,32670452008
BTC_USDT,79821.8,0.00621,Sell,2026-09-06 09:57:39.842000+00:00,32670454512
BTC_USDT,79821.8,0.00481,Buy,2026-09-06 09:57:42.068000+00:00,32670461157
BTC_USDT,79822.2,0.00138,Buy,2026-09-06 09:57:44.140000+00:00,32670467390
BTC_USDT,79821.8,0.00466,Buy,2026-09-06 09:57:44.193000+00:00,32670467547
BTC_USDT,79821.8,0.00425,Sell,2026-09-06 09:57:48.477000+00:00,32670480923
BTC_USDT,79822.2,0.00029,Buy,2026-09-06 09:57:49.015000+00:00,32670482535
BTC_USDT,79821.8,0.00621,Buy,2026-09-06 09:57:50.598000+00:00,32670487386
BTC_USDT,79821.8,0.00541,Buy,2026-09-06 09:57:52.713000+00:00,32670493978
BTC_USDT,79821.8,0.00606,Buy,2026-09-06 09:57:54.839000+00:00,32670500402
BTC_USDT,79821.8,0.00491,Sell,2026-09-06 09:57:56.991000+00:00,32670507202
BTC_USDT,79821.8,0.00581,Sell,2026-09-06 09:58:03.833000+00:00,32670528570
BTC_USDT,79820.7,0.00057,Sell,2026-09-06 09:58:06.103000+00:00,32670535432
BTC_USDT,79818.4,0.00506,Sell,2026-09-06 09:58:13.033000+00:00,32670557123
BTC_USDT,79818.8,0.00031,Buy,2026-09-06 09:58:13.478000+00:00,32670558320
BTC_USDT,79818.4,0.00586,Buy,2026-09-06 09:58:17.769000+00:00,32670571664
BTC_USDT,79818.4,0.00450,Buy,2026-09-06 09:58:20.161000+00:00,32670578468
BTC_USDT,79818.4,0.00501,Sell,2026-09-06 09:58:22.511000+00:00,32670585565
BTC_USDT,79818.9,0.00084,Buy,2026-09-06 09:58:25.774000+00:00,32670595424
BTC_USDT,79818.4,0.00491,Sell,2026-09-06 09:58:27.180000+00:00,32670599924
BTC_USDT,79818.4,0.00551,Buy,2026-09-06 09:58:29.470000+00:00,32670606802
BTC_USDT,79818.4,0.00586,Sell,2026-09-06 09:58:34.093000+00:00,32670621343
BTC_USDT,79818.8,0.00128,Buy,2026-09-06 09:58:34.816000+00:00,32670623605
BTC_USDT,79818.4,0.00466,Sell,2026-09-06 09:58:36.393000+00:00,32670628528
BTC_USDT,79817.6,0.00128,Sell,2026-09-06 09:58:37.885000+00:00,32670633422
BTC_USDT,79817.9,0.00004,Buy,2026-09-06 09:58:40.639000+00:00,32670641676
BTC_USDT,79816.8,0.00541,Sell,2026-09-06 09:58:41.055000+00:00,32670642838
BTC_USDT,79809.3,0.00571,Buy,2026-09-06 09:58:43.410000+00:00,32670649730
BTC_USDT,79809.0,0.00012,Sell,2026-09-06 09:58:45.241000+00:00,32670655256
BTC_USDT,79822.0,0.00556,Buy,2026-09-06 09:58:47.885000+00:00,32670663797
BTC_USDT,79870.0,0.00590,Sell,2026-09-06 09:59:01.910000+00:00,32670707031
BTC_USDT,79847.4,0.00540,Buy,2026-09-06 09:59:07.046000+00:00,32670722345
BTC_USDT,79847.4,0.00505,Buy,2026-09-06 09:59:09.334000+00:00,32670729088
BTC_USDT,79843.3,0.00581,Sell,2026-09-06 09:59:11.662000+00:00,32670737022
BTC_USDT,79837.3,0.00606,Sell,2026-09-06 09:59:14.003000+00:00,32670743794
BTC_USDT,79836.8,0.0002,Sell,2026-09-06 09:59:15.863000+00:00,32670749211
BTC_USDT,79837.3,0.00510,Buy,2026-09-06 09:59:16.447000+00:00,32670751146
BTC_USDT,79837.7,0.00024,Sell,2026-09-06 09:59:18.700000+00:00,32670757705
BTC_USDT,79838.3,0.00626,Buy,2026-09-06 09:59:18.858000+00:00,32670758236
BTC_USDT,79838.3,0.00606,Buy,2026-09-06 09:59:21.178000+00:00,32670765269
BTC_USDT,79839.5,0.00561,Sell,2026-09-06 09:59:23.361000+00:00,32670771778
BTC_USDT,79839.5,0.00606,Sell,2026-09-06 09:59:27.800000+00:00,32670785369
BTC_USDT,79845.8,0.00566,Sell,2026-09-06 09:59:32.189000+00:00,32670798886
BTC_USDT,79845.8,0.00445,Buy,2026-09-06 09:59:34.314000+00:00,32670805265
BTC_USDT,79846.8,0.00490,Buy,2026-09-06 09:59:36.452000+00:00,32670811955
BTC_USDT,79846.8,0.00611,Sell,2026-09-06 09:59:42.929000+00:00,32670831983
BTC_USDT,79846.8,0.00480,Sell,2026-09-06 09:59:45.175000+00:00,32670838649
BTC_USDT,79846.8,0.00440,Sell,2026-09-06 09:59:49.513000+00:00,32670852168
BTC_USDT,79846.8,0.00566,Sell,2026-09-06 09:59:54.129000+00:00,32670866235
BTC_USDT,79846.8,0.00455,Buy,2026-09-06 09:59:56.439000+00:00,32670873490
BTC_USDT,79846.1,0.00028,Sell,2026-09-06 09:59:59.745000+00:00,32670883787
BTC_USDT,79846.8,0.00621,Buy,2026-09-06 10:00:00.968000+00:00,32670887629
BTC_USDT,79846.8,0.00626,Sell,2026-09-06 10:00:03.830000+00:00,32670896266
BTC_USDT,79846.8,0.00621,Buy,2026-09-06 10:00:08.632000+00:00,32670910913
BTC_USDT,79846.8,0.00470,Buy,2026-09-06 10:00:10.972000+00:00,32670918370
BTC_USDT,79846.8,0.00566,Buy,2026-09-06 10:00:13.358000+00:00,32670925328
BTC_USDT,79846.8,0.00520,Sell,2026-09-06 10:00:15.849000+00:00,32670932750
BTC_USDT,79847.2,0.00983,Buy,2026-09-06 10:00:16.741000+00:00,32670935513
BTC_USDT,79846.2,0.00676,Sell,2026-09-06 10:00:21.650000+00:00,32670951464
BTC_USDT,79861.0,0.00440,Buy,2026-09-06 10:00:27.144000+00:00,32670968334
BTC_USDT,79861.0,0.00485,Sell,2026-09-06 10:00:29.442000+00:00,32670975018
BTC_USDT,79861.0,0.00430,Sell,2026-09-06 10:00:31.853000+00:00,32670982770
BTC_USDT,79861.1,0.00025,Buy,2026-09-06 10:00:32.208000+00:00,32670983768
BTC_USDT,79864.6,0.00545,Sell,2026-09-06 10:00:38.701000+00:00,32671003880
BTC_USDT,79873.0,0.00490,Sell,2026-09-06 10:00:40.943000+00:00,32671010698
BTC_USDT,79873.0,0.00480,Sell,2026-09-06 10:00:47.486000+00:00,32671030332
BTC_USDT,79873.0,0.00625,Buy,2026-09-06 10:00:49.673000+00:00,32671037232
BTC_USDT,79873.0,0.00495,Buy,2026-09-06 10:00:51.866000+00:00,32671044302
BTC_USDT,79873.2,0.00002,Buy,2026-09-06 10:00:53.052000+00:00,32671047706
BTC_USDT,79869.8,0.00445,Buy,2026-09-06 10:00:56.402000+00:00,32671058283
BTC_USDT,79869.8,0.00570,Sell,2026-09-06 10:00:58.586000+00:00,32671064921
BTC_USDT,79869.8,0.00535,Buy,2026-09-06 10:01:00.741000+00:00,32671071418
BTC_USDT,79870.6,0.00002,Buy,2026-09-06 10:01:01.389000+00:00,32671072861
BTC_USDT,79869.8,0.00565,Buy,2026-09-06 10:01:02.869000+00:00,32671077881
BTC_USDT,79869.8,0.00615,Sell,2026-09-06 10:01:05.495000+00:00,32671085425
BTC_USDT,79870.0,0.0005,Buy,2026-09-06 10:01:07.057000+00:00,32671090608
BTC_USDT,79869.8,0.00585,Sell,2026-09-06 10:01:07.736000+00:00,32671092894
BTC_USDT,79869.8,0.00430,Buy,2026-09-06 10:01:09.900000+00:00,32671099697
BTC_USDT,79869.8,0.00480,Buy,2026-09-06 10:01:14.269000+00:00,32671113093
BTC_USDT,79869.8,0.00480,Sell,2026-09-06 10:01:18.825000+00:00,32671127766
BTC_USDT,79870.2,0.00033,Buy,2026-09-06 10:01:20.814000+00:00,32671134461
BTC_USDT,79870.2,0.00061,Buy,2026-09-06 10:01:20.833000+00:00,32671134511
BTC_USDT,79862.9,0.00565,Buy,2026-09-06 10:01:21.131000+00:00,32671135281
BTC_USDT,79863.8,0.00028,Buy,2026-09-06 10:01:21.538000+00:00,32671136552
BTC_USDT,79862.9,0.00550,Buy,2026-09-06 10:01:25.601000+00:00,32671148385
BTC_USDT,79862.9,0.00580,Buy,2026-09-06 10:01:27.883000+00:00,32671156097
BTC_USDT,79862.9,0.00570,Sell,2026-09-06 10:01:29.994000+00:00,32671162841
BTC_USDT,79862.9,0.00555,Buy,2026-09-06 10:01:32.177000+00:00,32671169543
BTC_USDT,79863.1,0.00002,Buy,2026-09-06 10:01:33.833000+00:00,32671174055
BTC_USDT,79862.9,0.00500,Sell,2026-09-06 10:01:36.617000+00:00,32671182717
BTC_USDT,79862.9,0.00495,Sell,2026-09-06 10:01:38.861000+00:00,32671189808
BTC_USDT,79873.7,0.00540,Buy,2026-09-06 10:01:45.559000+00:00,32671210379
BTC_USDT,79873.7,0.00465,Sell,2026-09-06 10:01:47.724000+00:00,32671217610
BTC_USDT,79872.8,0.00024,Sell,2026-09-06 10:01:47.978000+00:00,32671218368
BTC_USDT,79873.9,0.0338,Buy,2026-09-06 10:01:48.737000+00:00,32671220797
BTC_USDT,79873.7,0.00590,Sell,2026-09-06 10:01:49.837000+00:00,32671224456
BTC_USDT,79886.5,0.00435,Sell,2026-09-06 10:01:51.962000+00:00,32671230869
BTC_USDT,79886.5,0.00465,Sell,2026-09-06 10:01:54.033000+00:00,32671237144
BTC_USDT,79886.5,0.00595,Buy,2026-09-06 10:01:58.237000+00:00,32671250530
BTC_USDT,79886.5,0.00530,Sell,2026-09-06 10:02:00.419000+00:00,32671257334
BTC_USDT,79886.5,0.00520,Sell,2026-09-06 10:02:02.533000+00:00,32671264067
BTC_USDT,79886.5,0.00540,Buy,2026-09-06 10:02:05.118000+00:00,32671271906
BTC_USDT,79886.5,0.00550,Buy,2026-09-06 10:02:07.258000+00:00,32671278846
BTC_USDT,79887.6,0.00036,Buy,2026-09-06 10:02:07.525000+00:00,32671279811
BTC_USDT,79886.5,0.00465,Buy,2026-09-06 10:02:09.449000+00:00,32671285644
BTC_USDT,79886.5,0.00465,Buy,2026-09-06 10:02:11.552000+00:00,32671292245
BTC_USDT,79886.5,0.00450,Sell,2026-09-06 10:02:13.750000+00:00,32671299195
BTC_USDT,79886.2,0.00061,Sell,2026-09-06 10:02:14.973000+00:00,32671302671
BTC_USDT,79892.7,0.00605,Buy,2026-09-06 10:02:18.539000+00:00,32671314624
BTC_USDT,79897.5,0.00470,Buy,2026-09-06 10:02:20.822000+00:00,32671321721
BTC_USDT,79897.3,0.00129,Sell,2026-09-06 10:02:22.179000+00:00,32671326049
BTC_USDT,79897.5,0.00455,Buy,2026-09-06 10:02:23.055000+00:00,32671328817
BTC_USDT,79897.4,0.00272,Sell,2026-09-06 10:02:24.658000+00:00,32671333878
BTC_USDT,79897.5,0.00625,Sell,2026-09-06 10:02:25.242000+00:00,32671335360
BTC_USDT,79897.5,0.00610,Buy,2026-09-06 10:02:27.576000+00:00,32671343244
BTC_USDT,79897.5,0.00505,Sell,2026-09-06 10:02:31.904000+00:00,32671356926
BTC_USDT,79897.5,0.00480,Sell,2026-09-06 10:02:34.103000+00:00,32671364045
BTC_USDT,79897.7,0.00002,Buy,2026-09-06 10:02:35.862000+00:00,32671369342
BTC_USDT,79892.1,0.00465,Sell,2026-09-06 10:02:40.480000+00:00,32671384009
BTC_USDT,79892.1,0.00600,Buy,2026-09-06 10:02:42.632000+00:00,32671390540
BTC_USDT,79892.1,0.00455,Buy,2026-09-06 10:02:44.892000+00:00,32671397180
BTC_USDT,79892.1,0.00585,Buy,2026-09-06 10:02:47.159000+00:00,32671403877
BTC_USDT,79890.6,0.00005,Sell,2026-09-06 10:02:49.921000+00:00,32671412539
BTC_USDT,79892.1,0.00550,Sell,2026-09-06 10:02:53.677000+00:00,32671424137
BTC_USDT,79892.1,0.00600,Sell,2026-09-06 10:02:55.704000+00:00,32671430194
BTC_USDT,79895.3,0.00535,Sell,2026-09-06 10:03:00.037000+00:00,32671443463
BTC_USDT,79898.4,0.00435,Sell,2026-09-06 10:03:02.469000+00:00,32671450826
BTC_USDT,79898.4,0.00460,Buy,2026-09-06 10:03:05.239000+00:00,32671459208
BTC_USDT,79898.4,0.00515,Buy,2026-09-06 10:03:09.854000+00:00,32671473719
BTC_USDT,79898.4,0.00465,Buy,2026-09-06 10:03:12.140000+00:00,32671480698
BTC_USDT,79898.4,0.00540,Buy,2026-09-06 10:03:16.826000+00:00,32671495483
BTC_USDT,79898.4,0.00600,Sell,2026-09-06 10:03:18.975000+00:00,32671502074
BTC_USDT,79898.8,0.00029,Buy,2026-09-06 10:03:22.486000+00:00,32671512772
BTC_USDT,79895.2,0.00560,Buy,2026-09-06 10:03:25.541000+00:00,32671521977
BTC_USDT,79895.2,0.00500,Sell,2026-09-06 10:03:29.795000+00:00,32671535168
BTC_USDT,79896.6,0.00013,Buy,2026-09-06 10:03:31.990000+00:00,32671542202
BTC_USDT,79895.2,0.00580,Buy,2026-09-06 10:03:34.038000+00:00,32671548380
BTC_USDT,79893.2,0.00565,Sell,2026-09-06 10:03:42.559000+00:00,32671574765
BTC_USDT,79893.2,0.00425,Buy,2026-09-06 10:03:44.642000+00:00,32671581257
BTC_USDT,79893.2,0.00455,Buy,2026-09-06 10:03:46.837000+00:00,32671588495
BTC_USDT,79894.1,0.00009,Buy,2026-09-06 10:03:50.698000+00:00,32671600249
BTC_USDT,79893.2,0.00570,Sell,2026-09-06 10:03:51.063000+00:00,32671601234
BTC_USDT,79893.2,0.00560,Sell,2026-09-06 10:03:53.292000+00:00,32671607582
BTC_USDT,79893.2,0.00580,Buy,2026-09-06 10:03:55.525000+00:00,32671614088
BTC_USDT,79893.2,0.00455,Buy,2026-09-06 10:03:59.682000+00:00,32671627140
BTC_USDT,79893.2,0.00610,Buy,2026-09-06 10:04:01.779000+00:00,32671633492
BTC_USDT,79893.2,0.00480,Buy,2026-09-06 10:04:03.962000+00:00,32671640613
BTC_USDT,79893.2,0.00555,Sell,2026-09-06 10:04:06.734000+00:00,32671649268
BTC_USDT,79893.2,0.00610,Sell,2026-09-06 10:04:08.945000+00:00,32671655820
BTC_USDT,79893.1,0.00006,Sell,2026-09-06 10:04:09.460000+00:00,32671657068
BTC_USDT,79893.1,0.00016,Sell,2026-09-06 10:04:09.586000+00:00,32671657574
BTC_USDT,79891.3,0.00520,Sell,2026-09-06 10:04:11.208000+00:00,32671662461
BTC_USDT,79891.3,0.00450,Buy,2026-09-06 10:04:13.520000+00:00,32671669677
BTC_USDT,79891.3,0.00485,Sell,2026-09-06 10:04:15.762000+00:00,32671676599
BTC_USDT,79891.3,0.00620,Buy,2026-09-06 10:04:17.953000+00:00,32671683754
BTC_USDT,79891.3,0.00480,Sell,2026-09-06 10:04:20.189000+00:00,32671690578
BTC_USDT,79891.3,0.00605,Buy,2026-09-06 10:04:22.537000+00:00,32671697479
BTC_USDT,79891.3,0.00500,Buy,2026-09-06 10:04:24.822000+00:00,32671704122
BTC_USDT,79891.3,0.00465,Sell,2026-09-06 10:04:27.027000+00:00,32671711522
BTC_USDT,79891.3,0.00455,Buy,2026-09-06 10:04:29.237000+00:00,32671717844
BTC_USDT,79891.7,0.00011,Buy,2026-09-06 10:04:30.390000+00:00,32671721704
BTC_USDT,79891.3,0.00545,Sell,2026-09-06 10:04:31.518000+00:00,32671725043
BTC_USDT,79892.4,0.00368,Buy,2026-09-06 10:04:38.086000+00:00,32671745219
BTC_USDT,79891.3,0.00550,Sell,2026-09-06 10:04:38.108000+00:00,32671745274
BTC_USDT,79891.3,0.00580,Sell,2026-09-06 10:04:40.400000+00:00,32671751787
BTC_USDT,79891.3,0.00520,Buy,2026-09-06 10:04:42.675000+00:00,32671758690
BTC_USDT,79891.3,0.00440,Buy,2026-09-06 10:04:47.189000+00:00,32671772353
BTC_USDT,79891.3,0.00535,Buy,2026-09-06 10:04:49.521000+00:00,32671779381
BTC_USDT,79891.6,0.00016,Buy,2026-09-06 10:04:51.422000+00:00,32671785163
BTC_USDT,79892.7,0.00002,Buy,2026-09-06 10:04:53.643000+00:00,32671792219
BTC_USDT,79891.9,0.00005,Buy,2026-09-06 10:04:56.282000+00:00,32671800668
BTC_USDT,79891.9,0.00002,Buy,2026-09-06 10:04:57.584000+00:00,32671804385
BTC_USDT,79891.3,0.00475,Sell,2026-09-06 10:04:58.319000+00:00,32671806529
BTC_USDT,79892.7,0.00002,Buy,2026-09-06 10:05:00.468000+00:00,32671812923
BTC_USDT,79891.3,0.00585,Sell,2026-09-06 10:05:00.509000+00:00,32671813061
BTC_USDT,79891.3,0.00425,Sell,2026-09-06 10:05:02.767000+00:00,32671820168
BTC_USDT,79892.7,0.00002,Buy,2026-09-06 10:05:04.242000+00:00,32671824515
BTC_USDT,79891.3,0.00515,Buy,2026-09-06 10:05:04.987000+00:00,32671826943
BTC_USDT,79892.6,0.00002,Buy,2026-09-06 10:05:06.960000+00:00,32671833296
BTC_USDT,79891.3,0.00605,Sell,2026-09-06 10:05:07.728000+00:00,32671835595
BTC_USDT,79892.7,0.00002,Buy,2026-09-06 10:05:09.649000+00:00,32671841424
BTC_USDT,79891.3,0.00555,Sell,2026-09-06 10:05:12.225000+00:00,32671849107
BTC_USDT,79892.6,0.00002,Buy,2026-09-06 10:05:13.915000+00:00,32671854245
BTC_USDT,79891.3,0.00615,Buy,2026-09-06 10:05:14.557000+00:00,32671856539
BTC_USDT,79891.3,0.00530,Sell,2026-09-06 10:05:23.525000+00:00,32671883405
BTC_USDT,79891.1,0.00032,Sell,2026-09-06 10:05:24.329000+00:00,32671886223
BTC_USDT,79891.3,0.00525,Buy,2026-09-06 10:05:28.021000+00:00,32671897884
BTC_USDT,79890.4,0.00163,Sell,2026-09-06 10:05:28.075000+00:00,32671898030
BTC_USDT,79904.4,0.00099,Buy,2026-09-06 10:05:30.546000+00:00,32671906632
BTC_USDT,79905.1,0.00331,Sell,2026-09-06 10:05:30.563000+00:00,32671906678
BTC_USDT,79905.1,0.00610,Buy,2026-09-06 10:05:32.963000+00:00,32671913838
BTC_USDT,79905.0,0.00540,Buy,2026-09-06 10:05:35.158000+00:00,32671920122
BTC_USDT,79905.0,0.00475,Sell,2026-09-06 10:05:37.439000+00:00,32671926652
BTC_USDT,79909.4,0.00475,Buy,2026-09-06 10:05:42.097000+00:00,32671941929
BTC_USDT,79909.4,0.00480,Sell,2026-09-06 10:05:44.264000+00:00,32671948415
BTC_USDT,79919.8,0.00460,Sell,2026-09-06 10:05:46.544000+00:00,32671955487
BTC_USDT,79919.8,0.00535,Sell,2026-09-06 10:05:49.042000+00:00,32671962899
BTC_USDT,79921.3,0.00032,Buy,2026-09-06 10:05:50.579000+00:00,32671967831
BTC_USDT,79919.8,0.00485,Sell,2026-09-06 10:05:51.398000+00:00,32671970026
BTC_USDT,79919.8,0.00510,Sell,2026-09-06 10:05:53.672000+00:00,32671977124
BTC_USDT,79919.8,0.00465,Buy,2026-09-06 10:05:55.784000+00:00,32671983235
BTC_USDT,79919.8,0.00475,Sell,2026-09-06 10:05:57.959000+00:00,32671989819
BTC_USDT,79920.5,0.00617,Buy,2026-09-06 10:05:59.520000+00:00,32671994909
BTC_USDT,79919.8,0.00505,Sell,2026-09-06 10:06:00.073000+00:00,32671996809
BTC_USDT,79919.8,0.00625,Sell,2026-09-06 10:06:06.902000+00:00,32672018224
BTC_USDT,79919.8,0.00520,Sell,2026-09-06 10:06:09.666000+00:00,32672026712
BTC_USDT,79919.8,0.00495,Sell,2026-09-06 10:06:11.917000+00:00,32672033618
BTC_USDT,79919.8,0.00620,Buy,2026-09-06 10:06:14.184000+00:00,32672040507
BTC_USDT,79919.8,0.00620,Buy,2026-09-06 10:06:16.522000+00:00,32672047699
BTC_USDT,79919.8,0.00590,Buy,2026-09-06 10:06:18.886000+00:00,32672054954
BTC_USDT,79910.6,0.00550,Buy,2026-09-06 10:06:21.110000+00:00,32672061934
BTC_USDT,79911.0,0.00012,Buy,2026-09-06 10:06:22.361000+00:00,32672065875
BTC_USDT,79909.9,0.00625,Buy,2026-09-06 10:06:23.370000+00:00,32672068650
BTC_USDT,79909.9,0.00435,Buy,2026-09-06 10:06:25.579000+00:00,32672075447
BTC_USDT,79906.2,0.00016,Sell,2026-09-06 10:06:27.673000+00:00,32672081766
BTC_USDT,79906.3,0.00515,Buy,2026-09-06 10:06:27.813000+00:00,32672082250
BTC_USDT,79906.3,0.00540,Sell,2026-09-06 10:06:30.251000+00:00,32672089365
BTC_USDT,79905.0,0.00017,Sell,2026-09-06 10:06:30.530000+00:00,32672090390
BTC_USDT,79906.3,0.00450,Buy,2026-09-06 10:06:32.538000+00:00,32672096923
BTC_USDT,79906.3,0.00620,Sell,2026-09-06 10:06:34.851000+00:00,32672103739
BTC_USDT,79905.4,0.00470,Buy,2026-09-06 10:06:37.147000+00:00,32672110762
BTC_USDT,79902.7,0.00555,Sell,2026-09-06 10:06:39.455000+00:00,32672117780
BTC_USDT,79902.7,0.00545,Sell,2026-09-06 10:06:41.746000+00:00,32672125117
BTC_USDT,79902.7,0.00545,Sell,2026-09-06 10:06:46.107000+00:00,32672138244
BTC_USDT,79898.2,0.00535,Sell,2026-09-06 10:06:48.366000+00:00,32672145081
BTC_USDT,79897.7,0.00031,Sell,2026-09-06 10:06:50.423000+00:00,32672151559
BTC_USDT,79898.2,0.00450,Sell,2026-09-06 10:06:52.643000+00:00,32672158402
BTC_USDT,79893.2,0.00530,Buy,2026-09-06 10:06:54.912000+00:00,32672165289
BTC_USDT,79893.2,0.00490,Sell,2026-09-06 10:06:59.476000+00:00,32672179127
BTC_USDT,79893.2,0.00530,Sell,2026-09-06 10:07:01.744000+00:00,32672186636
BTC_USDT,79893.2,0.00495,Sell,2026-09-06 10:07:06.464000+00:00,32672200239
BTC_USDT,79894.5,0.01011,Buy,2026-09-06 10:07:10.632000+00:00,32672212727
BTC_USDT,79893.1,0.00887,Sell,2026-09-06 10:07:21.248000+00:00,32672245002
BTC_USDT,79892.7,0.00005,Sell,2026-09-06 10:07:25.494000+00:00,32672258021
BTC_USDT,79893.2,0.00550,Buy,2026-09-06 10:07:26.835000+00:00,32672262160
BTC_USDT,79893.2,0.00430,Sell,2026-09-06 10:07:31.134000+00:00,32672275534
BTC_USDT,79893.2,0.00440,Buy,2026-09-06 10:07:33.339000+00:00,32672281822
BTC_USDT,79893.2,0.00540,Buy,2026-09-06 10:07:37.757000+00:00,32672295901
BTC_USDT,79894.7,0.00146,Buy,2026-09-06 10:07:37.947000+00:00,32672296545
BTC_USDT,79893.2,0.00455,Sell,2026-09-06 10:07:40.180000+00:00,32672303432
BTC_USDT,79892.6,0.00058,Sell,2026-09-06 10:07:42.700000+00:00,32672310954
BTC_USDT,79882.6,0.00435,Buy,2026-09-06 10:07:49.899000+00:00,32672332481
BTC_USDT,79881.2,0.00091,Sell,2026-09-06 10:07:49.972000+00:00,32672332662
BTC_USDT,79882.6,0.00455,Sell,2026-09-06 10:07:56.927000+00:00,32672353081
BTC_USDT,79882.6,0.00550,Sell,2026-09-06 10:07:59.181000+00:00,32672359966
BTC_USDT,79882.6,0.00505,Sell,2026-09-06 10:08:03.742000+00:00,32672374374
BTC_USDT,79884.9,0.00983,Sell,2026-09-06 10:08:06.772000+00:00,32672383808
BTC_USDT,79883.3,0.00131,Sell,2026-09-06 10:08:11.009000+00:00,32672396764
BTC_USDT,79889.7,0.00545,Buy,2026-09-06 10:08:13.240000+00:00,32672403512
BTC_USDT,79889.7,0.00485,Sell,2026-09-06 10:08:15.484000+00:00,32672410099
BTC_USDT,79889.7,0.00475,Buy,2026-09-06 10:08:19.952000+00:00,32672423705
BTC_USDT,79889.7,0.00570,Buy,2026-09-06 10:08:22.077000+00:00,32672430329
BTC_USDT,79889.7,0.00620,Buy,2026-09-06 10:08:24.268000+00:00,32672437233
BTC_USDT,79891.1,0.0002,Buy,2026-09-06 10:08:25.866000+00:00,32672441826
BTC_USDT,79889.7,0.00465,Buy,2026-09-06 10:08:26.446000+00:00,32672443843
BTC_USDT,79890.3,0.00032,Buy,2026-09-06 10:08:30.185000+00:00,32672455479
BTC_USDT,79889.7,0.00435,Sell,2026-09-06 10:08:30.849000+00:00,32672457610
BTC_USDT,79889.7,0.00555,Sell,2026-09-06 10:08:33.061000+00:00,32672464873
BTC_USDT,79889.5,0.01516,Sell,2026-09-06 10:08:34.198000+00:00,32672468306
BTC_USDT,79889.7,0.00595,Sell,2026-09-06 10:08:35.312000+00:00,32672471346
BTC_USDT,79876.9,0.00520,Sell,2026-09-06 10:08:39.578000+00:00,32672485277
BTC_USDT,79876.9,0.00545,Buy,2026-09-06 10:08:43.937000+00:00,32672498351
BTC_USDT,79876.5,0.00795,Sell,2026-09-06 10:08:46.907000+00:00,32672507728
BTC_USDT,79878.1,0.00021,Buy,2026-09-06 10:08:49.512000+00:00,32672515828
BTC_USDT,79876.9,0.00575,Buy,2026-09-06 10:08:50.329000+00:00,32672518391
BTC_USDT,79876.9,0.00555,Sell,2026-09-06 10:08:52.420000+00:00,32672524615
BTC_USDT,79891.1,0.00525,Sell,2026-09-06 10:08:56.879000+00:00,32672538342
BTC_USDT,79890.2,0.00009,Sell,2026-09-06 10:08:58.931000+00:00,32672544767
BTC_USDT,79891.1,0.00565,Buy,2026-09-06 10:08:59.299000+00:00,32672545758
BTC_USDT,79891.1,0.00480,Sell,2026-09-06 10:09:01.533000+00:00,32672552537
BTC_USDT,79890.8,0.00477,Sell,2026-09-06 10:09:02.441000+00:00,32672555437
BTC_USDT,79891.1,0.00425,Buy,2026-09-06 10:09:03.652000+00:00,32672559243
BTC_USDT,79891.1,0.00490,Buy,2026-09-06 10:09:05.787000+00:00,32672565206
BTC_USDT,79891.1,0.00560,Buy,2026-09-06 10:09:08.122000+00:00,32672572727
BTC_USDT,79882.4,0.00595,Buy,2026-09-06 10:09:15.377000+00:00,32672594430
BTC_USDT,79882.4,0.00505,Sell,2026-09-06 10:09:17.616000+00:00,32672601509
BTC_USDT,79882.4,0.00600,Buy,2026-09-06 10:09:22.005000+00:00,32672615385
BTC_USDT,79882.4,0.00470,Sell,2026-09-06 10:09:24.200000+00:00,32672622192
BTC_USDT,79882.4,0.00460,Buy,2026-09-06 10:09:26.499000+00:00,32672629312
BTC_USDT,79882.6,0.00004,Sell,2026-09-06 10:09:28.805000+00:00,32672636607
BTC_USDT,79882.4,0.00611,Buy,2026-09-06 10:09:28.817000+00:00,32672636650
BTC_USDT,79884.0,0.00129,Buy,2026-09-06 10:09:30.629000+00:00,32672642347
BTC_USDT,79882.4,0.00620,Buy,2026-09-06 10:09:31.033000+00:00,32672643613
BTC_USDT,79882.4,0.00470,Sell,2026-09-06 10:09:33.226000+00:00,32672650514
BTC_USDT,79882.8,0.00006,Buy,2026-09-06 10:09:34.770000+00:00,32672655236
BTC_USDT,79882.4,0.00445,Buy,2026-09-06 10:09:35.429000+00:00,32672656770
BTC_USDT,79882.4,0.00475,Sell,2026-09-06 10:09:37.754000+00:00,32672664458
BTC_USDT,79882.4,0.00570,Buy,2026-09-06 10:09:40.073000+00:00,32672671474
BTC_USDT,79882.4,0.00425,Sell,2026-09-06 10:09:42.329000+00:00,32672678526
BTC_USDT,79882.4,0.00470,Buy,2026-09-06 10:09:46.642000+00:00,32672691395
BTC_USDT,79882.4,0.00615,Sell,2026-09-06 10:09:48.938000+00:00,32672698283
BTC_USDT,79882.0,0.00125,Sell,2026-09-06 10:09:51.152000+00:00,32672704938
BTC_USDT,79882.4,0.00525,Buy,2026-09-06 10:09:59.976000+00:00,32672731647
BTC_USDT,79882.9,0.00012,Buy,2026-09-06 10:10:00.749000+00:00,32672733741
BTC_USDT,79882.4,0.00525,Buy,2026-09-06 10:10:02.309000+00:00,32672738855
BTC_USDT,79882.9,0.00125,Buy,2026-09-06 10:10:02.334000+00:00,32672738927
BTC_USDT,79881.0,0.00003,Sell,2026-09-06 10:10:03.108000+00:00,32672741138
BTC_USDT,79882.4,0.00575,Sell,2026-09-06 10:10:04.694000+00:00,32672745736
BTC_USDT,79882.4,0.00620,Buy,2026-09-06 10:10:06.999000+00:00,32672752343
BTC_USDT,79882.9,0.00022,Sell,2026-09-06 10:10:11.847000+00:00,32672767462
BTC_USDT,79882.4,0.00550,Sell,2026-09-06 10:10:14.160000+00:00,32672774481
BTC_USDT,79882.4,0.00530,Sell,2026-09-06 10:10:16.465000+00:00,32672781090
BTC_USDT,79882.4,0.00475,Buy,2026-09-06 10:10:18.651000+00:00,32672787794
BTC_USDT,79882.4,0.00565,Buy,2026-09-06 10:10:23.092000+00:00,32672801671
BTC_USDT,79882.7,0.00858,Buy,2026-09-06 10:10:24.597000+00:00,32672806274
BTC_USDT,79882.4,0.00430,Sell,2026-09-06 10:10:27.369000+00:00,32672814377
BTC_USDT,79882.4,0.00450,Sell,2026-09-06 10:10:29.650000+00:00,32672821317
BTC_USDT,79882.4,0.00485,Sell,2026-09-06 10:10:34.181000+00:00,32672835473
BTC_USDT,79881.9,0.00027,Sell,2026-09-06 10:10:34.806000+00:00,32672837389
BTC_USDT,79882.4,0.00500,Buy,2026-09-06 10:10:36.420000+00:00,32672842097
BTC_USDT,79882.4,0.00440,Sell,2026-09-06 10:10:40.967000+00:00,32672856023
BTC_USDT,79882.4,0.00565,Buy,2026-09-06 10:10:45.521000+00:00,32672869417
BTC_USDT,79882.4,0.00610,Buy,2026-09-06 10:10:47.776000+00:00,32672876747
BTC_USDT,79878.1,0.00610,Buy,2026-09-06 10:10:50.109000+00:00,32672883802
BTC_USDT,79878.1,0.00460,Sell,2026-09-06 10:10:52.469000+00:00,32672891311
BTC_USDT,79882.7,0.00625,Buy,2026-09-06 10:10:54.730000+00:00,32672898035
BTC_USDT,79881.7,0.00028,Sell,2026-09-06 10:10:56.146000+00:00,32672902317
BTC_USDT,79882.7,0.00535,Sell,2026-09-06 10:10:56.918000+00:00,32672904916
BTC_USDT,79882.7,0.00570,Sell,2026-09-06 10:10:59.021000+00:00,32672911318
BTC_USDT,79882.7,0.00540,Sell,2026-09-06 10:11:01.175000+00:00,32672917789
BTC_USDT,79882.7,0.00510,Buy,2026-09-06 10:11:07.989000+00:00,32672938344
BTC_USDT,79882.7,0.00515,Buy,2026-09-06 10:11:13.205000+00:00,32672953985
BTC_USDT,79882.7,0.00560,Buy,2026-09-06 10:11:15.687000+00:00,32672961349
BTC_USDT,79882.7,0.00470,Buy,2026-09-06 10:11:20.491000+00:00,32672975532
BTC_USDT,79882.7,0.00595,Buy,2026-09-06 10:11:22.905000+00:00,32672983276
BTC_USDT,79884.2,0.00053,Buy,2026-09-06 10:11:26.357000+00:00,32672993778
BTC_USDT,79883.1,0.00068,Sell,2026-09-06 10:11:27.381000+00:00,32672996641
BTC_USDT,79882.7,0.00357,Buy,2026-09-06 10:11:27.392000+00:00,32672996675
BTC_USDT,79882.7,0.00460,Buy,2026-09-06 10:11:34.329000+00:00,32673018455
BTC_USDT,79882.7,0.00545,Buy,2026-09-06 10:11:36.875000+00:00,32673026100
BTC_USDT,79882.7,0.00605,Buy,2026-09-06 10:11:41.530000+00:00,32673040015
BTC_USDT,79882.7,0.00530,Sell,2026-09-06 10:11:46.077000+00:00,32673054347
BTC_USDT,79882.7,0.00615,Sell,2026-09-06 10:11:48.441000+00:00,32673061801
BTC_USDT,79882.7,0.00605,Sell,2026-09-06 10:11:53.291000+00:00,32673076120
BTC_USDT,79883.8,0.00028,Sell,2026-09-06 10:11:55.628000+00:00,32673083351
BTC_USDT,79882.7,0.00515,Sell,2026-09-06 10:11:58.019000+00:00,32673090774
BTC_USDT,79882.7,0.00625,Buy,2026-09-06 10:12:00.338000+00:00,32673097543
BTC_USDT,79882.7,0.00570,Buy,2026-09-06 10:12:05.150000+00:00,32673112177
BTC_USDT,79882.7,0.00440,Sell,2026-09-06 10:12:07.526000+00:00,32673119687
BTC_USDT,79882.7,0.00475,Buy,2026-09-06 10:12:09.851000+00:00,32673126552
BTC_USDT,79882.7,0.00445,Sell,2026-09-06 10:12:12.544000+00:00,32673134729
BTC_USDT,79882.7,0.00620,Sell,2026-09-06 10:12:15.437000+00:00,32673142797
BTC_USDT,79882.7,0.00510,Sell,2026-09-06 10:12:17.889000+00:00,32673150586
BTC_USDT,79882.7,0.00570,Sell,2026-09-06 10:12:20.207000+00:00,32673157432
BTC_USDT,79882.7,0.00430,Buy,2026-09-06 10:12:22.592000+00:00,32673165089
BTC_USDT,79882.7,0.00495,Buy,2026-09-06 10:12:24.849000+00:00,32673171861
BTC_USDT,79882.7,0.00590,Sell,2026-09-06 10:12:29.428000+00:00,32673185374
BTC_USDT,79882.7,0.00575,Buy,2026-09-06 10:12:31.877000+00:00,32673193224
BTC_USDT,79882.7,0.00500,Buy,2026-09-06 10:12:41.167000+00:00,32673221456
BTC_USDT,79882.7,0.00530,Sell,2026-09-06 10:12:43.559000+00:00,32673228418
BTC_USDT,79882.7,0.00440,Sell,2026-09-06 10:12:45.886000+00:00,32673235690
BTC_USDT,79882.7,0.00580,Buy,2026-09-06 10:12:48.112000+00:00,32673242817
BTC_USDT,79883.8,0.00019,Buy,2026-09-06 10:12:48.960000+00:00,32673245469
BTC_USDT,79882.7,0.00450,Sell,2026-09-06 10:12:54.957000+00:00,32673263853
BTC_USDT,79881.9,0.00076,Sell,2026-09-06 10:12:55.959000+00:00,32673266989
BTC_USDT,79882.7,0.00465,Sell,2026-09-06 10:12:57.345000+00:00,32673271210
BTC_USDT,79883,0.00026,Sell,2026-09-06 10:13:02.071000+00:00,32673285966
BTC_USDT,79882.7,0.00475,Sell,2026-09-06 10:13:04.515000+00:00,32673293426
BTC_USDT,79882.7,0.00480,Sell,2026-09-06 10:13:06.898000+00:00,32673300712
BTC_USDT,79882.7,0.00545,Sell,2026-09-06 10:13:09.131000+00:00,32673307273
BTC_USDT,79882.7,0.00460,Buy,2026-09-06 10:13:11.361000+00:00,32673314353
BTC_USDT,79882.1,0.0019,Sell,2026-09-06 10:13:13.340000+00:00,32673320426
BTC_USDT,79882.7,0.00620,Sell,2026-09-06 10:13:16.380000+00:00,32673329893
BTC_USDT,79882.7,0.00600,Sell,2026-09-06 10:13:18.751000+00:00,32673337019
BTC_USDT,79882.7,0.00520,Buy,2026-09-06 10:13:23.214000+00:00,32673350212
BTC_USDT,79882.7,0.00435,Sell,2026-09-06 10:13:32.357000+00:00,32673378142
BTC_USDT,79882.7,0.00445,Buy,2026-09-06 10:13:34.597000+00:00,32673385230
BTC_USDT,79882.7,0.00485,Buy,2026-09-06 10:13:36.969000+00:00,32673392611
BTC_USDT,79881.5,0.00035,Sell,2026-09-06 10:13:37.944000+00:00,32673395861
BTC_USDT,79882.7,0.00610,Buy,2026-09-06 10:13:39.384000+00:00,32673400128
BTC_USDT,79882.7,0.00430,Sell,2026-09-06 10:13:41.634000+00:00,32673406979
BTC_USDT,79881.5,0.00162,Buy,2026-09-06 10:13:43.809000+00:00,32673413388
BTC_USDT,79882.7,0.00430,Buy,2026-09-06 10:13:46.102000+00:00,32673420333
BTC_USDT,79882.7,0.00550,Sell,2026-09-06 10:13:48.492000+00:00,32673427809
BTC_USDT,79882.7,0.00480,Sell,2026-09-06 10:13:53.010000+00:00,32673441191
BTC_USDT,79884.4,0.00585,Sell,2026-09-06 10:13:55.300000+00:00,32673447924
BTC_USDT,79884.4,0.00575,Sell,2026-09-06 10:13:57.808000+00:00,32673455938
BTC_USDT,79884.4,0.00430,Sell,2026-09-06 10:14:02.343000+00:00,32673469594
BTC_USDT,79884.4,0.00605,Buy,2026-09-06 10:14:04.585000+00:00,32673476849
BTC_USDT,79884.5,0.00993,Buy,2026-09-06 10:14:05.021000+00:00,32673478117
BTC_USDT,79884.4,0.00625,Buy,2026-09-06 10:14:09.225000+00:00,32673491163
BTC_USDT,79883.2,0.02131,Sell,2026-09-06 10:14:11.020000+00:00,32673496539
BTC_USDT,79884.4,0.00445,Buy,2026-09-06 10:14:11.406000+00:00,32673497461
BTC_USDT,79883.4,0.00004,Sell,2026-09-06 10:14:12.713000+00:00,32673501616
BTC_USDT,79884.4,0.00545,Buy,2026-09-06 10:14:13.615000+00:00,32673504098
BTC_USDT,79885.1,0.00129,Buy,2026-09-06 10:14:14.402000+00:00,32673506575
BTC_USDT,79884.4,0.00555,Sell,2026-09-06 10:14:18.677000+00:00,32673520486
BTC_USDT,79884.4,0.00440,Buy,2026-09-06 10:14:23.171000+00:00,32673533693
BTC_USDT,79885.5,0.00009,Sell,2026-09-06 10:14:25.353000+00:00,32673540346
BTC_USDT,79884.4,0.00495,Sell,2026-09-06 10:14:27.729000+00:00,32673548602
BTC_USDT,79884.0,0.00005,Sell,2026-09-06 10:14:29.079000+00:00,32673552627
BTC_USDT,79884.4,0.00445,Buy,2026-09-06 10:14:34.681000+00:00,32673569562
BTC_USDT,79884.4,0.00495,Sell,2026-09-06 10:14:39.457000+00:00,32673584285
BTC_USDT,79884.4,0.00550,Sell,2026-09-06 10:14:41.730000+00:00,32673591207
BTC_USDT,79884.4,0.00470,Buy,2026-09-06 10:14:43.982000+00:00,32673597872
BTC_USDT,79884.4,0.00525,Buy,2026-09-06 10:14:46.305000+00:00,32673605326
BTC_USDT,79884.4,0.00460,Sell,2026-09-06 10:14:48.661000+00:00,32673612672
BTC_USDT,79884.4,0.00545,Buy,2026-09-06 10:14:53.206000+00:00,32673626123
BTC_USDT,79884.4,0.00455,Buy,2026-09-06 10:15:00.223000+00:00,32673647786
BTC_USDT,79884.4,0.00495,Sell,2026-09-06 10:15:02.636000+00:00,32673654977
BTC_USDT,79884.4,0.00455,Sell,2026-09-06 10:15:07.410000+00:00,32673669736
BTC_USDT,79884.4,0.00595,Buy,2026-09-06 10:15:09.800000+00:00,32673677300
BTC_USDT,79884.4,0.00565,Sell,2026-09-06 10:15:12.117000+00:00,32673683905
BTC_USDT,79884.4,0.00515,Buy,2026-09-06 10:15:14.384000+00:00,32673690594
BTC_USDT,79884.4,0.00495,Buy,2026-09-06 10:15:19.438000+00:00,32673706583
BTC_USDT,79885.0,0.00008,Buy,2026-09-06 10:15:20.868000+00:00,32673710998
BTC_USDT,79884.4,0.00520,Sell,2026-09-06 10:15:23.982000+00:00,32673720155
BTC_USDT,79883.4,0.00127,Sell,2026-09-06 10:15:31.413000+00:00,32673743148
BTC_USDT,79884.4,0.00510,Sell,2026-09-06 10:15:32.971000+00:00,32673747998
BTC_USDT,79884.4,0.00555,Buy,2026-09-06 10:15:35.305000+00:00,32673754798
BTC_USDT,79882.9,0.00008,Sell,2026-09-06 10:15:36.111000+00:00,32673757522
BTC_USDT,79884.8,0.00127,Buy,2026-09-06 10:15:37.023000+00:00,32673760491
BTC_USDT,79884.4,0.00585,Buy,2026-09-06 10:15:37.797000+00:00,32673762701
BTC_USDT,79918.8,0.00490,Sell,2026-09-06 10:15:40.328000+00:00,32673772001
BTC_USDT,79919.8,0.00535,Sell,2026-09-06 10:15:44.971000+00:00,32673785523
BTC_USDT,79919.8,0.00535,Buy,2026-09-06 10:15:47.389000+00:00,32673793034
BTC_USDT,79919.0,0.00027,Sell,2026-09-06 10:15:47.964000+00:00,32673795308
BTC_USDT,79897.9,0.00500,Buy,2026-09-06 10:15:49.967000+00:00,32673802266
BTC_USDT,79897.9,0.00540,Sell,2026-09-06 10:15:54.305000+00:00,32673814525
BTC_USDT,79897.9,0.00575,Buy,2026-09-06 10:15:56.532000+00:00,32673821508
BTC_USDT,79897.9,0.00500,Buy,2026-09-06 10:16:00.999000+00:00,32673835456
BTC_USDT,79897.8,0.00066,Sell,2026-09-06 10:16:01.647000+00:00,32673837170
BTC_USDT,79900.7,0.00530,Buy,2026-09-06 10:16:03.401000+00:00,32673842173
BTC_USDT,79902.5,0.00510,Buy,2026-09-06 10:16:05.746000+00:00,32673849477
BTC_USDT,79902.5,0.00500,Buy,2026-09-06 10:16:08.151000+00:00,32673856973
BTC_USDT,79902.5,0.00605,Sell,2026-09-06 10:16:10.377000+00:00,32673864269
BTC_USDT,79902.5,0.00490,Buy,2026-09-06 10:16:12.596000+00:00,32673870755
BTC_USDT,79902.1,0.00157,Sell,2026-09-06 10:16:12.807000+00:00,32673871349
BTC_USDT,79903.1,0.00135,Buy,2026-09-06 10:16:13.655000+00:00,32673873680
BTC_USDT,79902.5,0.00475,Buy,2026-09-06 10:16:14.748000+00:00,32673877201
BTC_USDT,79902.5,0.00465,Sell,2026-09-06 10:16:17.549000+00:00,32673885902
BTC_USDT,79902.5,0.00480,Buy,2026-09-06 10:16:19.993000+00:00,32673894098
BTC_USDT,79910.7,0.00135,Sell,2026-09-06 10:16:23.351000+00:00,32673903747
BTC_USDT,79912.4,0.00268,Buy,2026-09-06 10:16:24.639000+00:00,32673907979
BTC_USDT,79912.1,0.00470,Buy,2026-09-06 10:16:26.714000+00:00,32673914498
BTC_USDT,79912.1,0.00565,Sell,2026-09-06 10:16:31.138000+00:00,32673928653
BTC_USDT,79912.1,0.00600,Sell,2026-09-06 10:16:33.383000+00:00,32673935065
BTC_USDT,79912.1,0.00505,Sell,2026-09-06 10:16:37.804000+00:00,32673948993
BTC_USDT,79912.1,0.00460,Sell,2026-09-06 10:16:40.048000+00:00,32673956499
BTC_USDT,79912.1,0.00520,Sell,2026-09-06 10:16:42.234000+00:00,32673962843
BTC_USDT,79911.1,0.00009,Sell,2026-09-06 10:16:46.476000+00:00,32673975732
BTC_USDT,79912.1,0.00510,Sell,2026-09-06 10:16:46.591000+00:00,32673976173
BTC_USDT,79912.1,0.00495,Buy,2026-09-06 10:16:48.830000+00:00,32673983251
BTC_USDT,79912.4,0.00008,Sell,2026-09-06 10:16:51.115000+00:00,32673989991
BTC_USDT,79912.1,0.00585,Buy,2026-09-06 10:16:53.306000+00:00,32673996289
BTC_USDT,79912.1,0.00500,Sell,2026-09-06 10:16:59.946000+00:00,32674017151
BTC_USDT,79912.1,0.00495,Sell,2026-09-06 10:17:02.130000+00:00,32674023446
BTC_USDT,79907.3,0.00560,Buy,2026-09-06 10:17:04.312000+00:00,32674030067
BTC_USDT,79907.1,0.00008,Sell,2026-09-06 10:17:06.876000+00:00,32674038007
BTC_USDT,79907.5,0.00141,Buy,2026-09-06 10:17:07.650000+00:00,32674040211
BTC_USDT,79907.3,0.00455,Sell,2026-09-06 10:17:10.991000+00:00,32674050464
BTC_USDT,79907.3,0.00585,Buy,2026-09-06 10:17:13.256000+00:00,32674057258
BTC_USDT,79906.7,0.00037,Sell,2026-09-06 10:17:13.887000+00:00,32674059222
BTC_USDT,79907.3,0.00575,Sell,2026-09-06 10:17:15.458000+00:00,32674063400
BTC_USDT,79908.3,0.00137,Buy,2026-09-06 10:17:18.061000+00:00,32674071784
BTC_USDT,79907.3,0.00465,Sell,2026-09-06 10:17:18.154000+00:00,32674072089
BTC_USDT,79907.3,0.00485,Sell,2026-09-06 10:17:20.363000+00:00,32674078914
BTC_USDT,79908.9,0.00037,Buy,2026-09-06 10:17:21.415000+00:00,32674081865
BTC_USDT,79907.3,0.00450,Buy,2026-09-06 10:17:22.572000+00:00,32674085675
BTC_USDT,79907.3,0.00465,Buy,2026-09-06 10:17:24.828000+00:00,32674092486
BTC_USDT,79906.0,0.00137,Sell,2026-09-06 10:17:26.578000+00:00,32674097850
BTC_USDT,79907.3,0.00485,Sell,2026-09-06 10:17:27.059000+00:00,32674099328
BTC_USDT,79907.3,0.00510,Buy,2026-09-06 10:17:29.418000+00:00,32674106456
BTC_USDT,79907.3,0.00535,Sell,2026-09-06 10:17:33.870000+00:00,32674119902
BTC_USDT,79907.3,0.00445,Sell,2026-09-06 10:17:36.131000+00:00,32674126600
BTC_USDT,79907.3,0.00500,Sell,2026-09-06 10:17:38.456000+00:00,32674133659
BTC_USDT,79907.3,0.00470,Sell,2026-09-06 10:17:47.347000+00:00,32674160386
BTC_USDT,79907.3,0.00450,Buy,2026-09-06 10:17:49.603000+00:00,32674167482
BTC_USDT,79907.3,0.00510,Sell,2026-09-06 10:17:51.721000+00:00,32674174067
BTC_USDT,79908.8,0.00046,Buy,2026-09-06 10:17:51.966000+00:00,32674174803
BTC_USDT,79907.3,0.00425,Sell,2026-09-06 10:17:58.207000+00:00,32674193648
BTC_USDT,79907.3,0.00615,Buy,2026-09-06 10:18:00.359000+00:00,32674200549
BTC_USDT,79907.3,0.00545,Sell,2026-09-06 10:18:02.562000+00:00,32674207238
BTC_USDT,79907.3,0.00490,Buy,2026-09-06 10:18:04.799000+00:00,32674214022
BTC_USDT,79908.2,0.00003,Sell,2026-09-06 10:18:07.065000+00:00,32674221467
BTC_USDT,79920.9,0.00625,Buy,2026-09-06 10:18:14.157000+00:00,32674244038
BTC_USDT,79920.9,0.00610,Buy,2026-09-06 10:18:16.527000+00:00,32674251288
BTC_USDT,79919.9,0.00003,Sell,2026-09-06 10:18:16.785000+00:00,32674252279
BTC_USDT,79920.9,0.00475,Sell,2026-09-06 10:18:19.208000+00:00,32674259677
BTC_USDT,79920.9,0.00001,Sell,2026-09-06 10:18:20.808000+00:00,32674264451
BTC_USDT,79922.8,0.00610,Sell,2026-09-06 10:18:28.481000+00:00,32674287512
BTC_USDT,79922.8,0.00425,Sell,2026-09-06 10:18:30.827000+00:00,32674294337
BTC_USDT,79922.8,0.00595,Sell,2026-09-06 10:18:35.495000+00:00,32674308820
BTC_USDT,79922.8,0.00625,Sell,2026-09-06 10:18:37.825000+00:00,32674316658
BTC_USDT,79922.8,0.00465,Buy,2026-09-06 10:18:40.097000+00:00,32674323114
BTC_USDT,79922.8,0.00465,Buy,2026-09-06 10:18:42.330000+00:00,32674329787
BTC_USDT,79923.1,0.00037,Buy,2026-09-06 10:18:43.135000+00:00,32674332161
BTC_USDT,79923.1,0.0005,Buy,2026-09-06 10:18:44.584000+00:00,32674336877
BTC_USDT,79922.8,0.00435,Buy,2026-09-06 10:18:44.640000+00:00,32674337091
BTC_USDT,79923.3,0.00012,Buy,2026-09-06 10:18:44.944000+00:00,32674337938
BTC_USDT,79926.8,0.00605,Buy,2026-09-06 10:18:47.034000+00:00,32674344977
BTC_USDT,79925.5,0.00077,Sell,2026-09-06 10:18:47.040000+00:00,32674344999
BTC_USDT,79926.8,0.00560,Buy,2026-09-06 10:18:51.546000+00:00,32674358265
BTC_USDT,79926.8,0.00440,Buy,2026-09-06 10:18:53.786000+00:00,32674365436
BTC_USDT,79926.8,0.00435,Buy,2026-09-06 10:18:56.160000+00:00,32674372714
BTC_USDT,79926.8,0.00500,Buy,2026-09-06 10:18:58.545000+00:00,32674380164
BTC_USDT,79926.8,0.00460,Sell,2026-09-06 10:19:00.851000+00:00,32674387307
BTC_USDT,79926.8,0.00615,Sell,2026-09-06 10:19:03.120000+00:00,32674394031
BTC_USDT,79936.4,0.0013,Buy,2026-09-06 10:19:05.433000+00:00,32674401168
BTC_USDT,79939.5,0.00465,Buy,2026-09-06 10:19:07.849000+00:00,32674408998
BTC_USDT,79939.5,0.00565,Sell,2026-09-06 10:19:10.203000+00:00,32674415857
BTC_USDT,79939.5,0.00550,Sell,2026-09-06 10:19:12.369000+00:00,32674422132
BTC_USDT,79939.5,0.00475,Sell,2026-09-06 10:19:14.472000+00:00,32674428658
BTC_USDT,79939.5,0.00550,Sell,2026-09-06 10:19:16.669000+00:00,32674435800
BTC_USDT,79939.5,0.00440,Sell,2026-09-06 10:19:19.358000+00:00,32674443542
BTC_USDT,79939.5,0.00525,Sell,2026-09-06 10:19:21.532000+00:00,32674449814
BTC_USDT,79939.4,0.00135,Sell,2026-09-06 10:19:25.267000+00:00,32674461413
BTC_USDT,79939.5,0.00525,Sell,2026-09-06 10:19:25.876000+00:00,32674463511
BTC_USDT,79939.5,0.00525,Sell,2026-09-06 10:19:28.077000+00:00,32674470345
BTC_USDT,79939.5,0.00625,Sell,2026-09-06 10:19:32.512000+00:00,32674483748
BTC_USDT,79939.5,0.00425,Sell,2026-09-06 10:19:34.811000+00:00,32674491007
BTC_USDT,79939.5,0.00545,Buy,2026-09-06 10:19:37.106000+00:00,32674498249
BTC_USDT,79939.9,0.00006,Buy,2026-09-06 10:19:37.953000+00:00,32674500990
BTC_USDT,79939.5,0.00465,Buy,2026-09-06 10:19:39.322000+00:00,32674504765
BTC_USDT,79939.5,0.00620,Buy,2026-09-06 10:19:41.428000+00:00,32674510819
BTC_USDT,79939.5,0.00530,Buy,2026-09-06 10:19:43.549000+00:00,32674517141
BTC_USDT,79940.4,0.00135,Buy,2026-09-06 10:19:46.596000+00:00,32674527396
BTC_USDT,79939.5,0.00500,Buy,2026-09-06 10:19:48.203000+00:00,32674532094
BTC_USDT,79939.5,0.00475,Sell,2026-09-06 10:19:52.580000+00:00,32674545885
BTC_USDT,79939.5,0.00460,Buy,2026-09-06 10:19:54.874000+00:00,32674553010
BTC_USDT,79939.5,0.00435,Sell,2026-09-06 10:19:57.210000+00:00,32674560015
BTC_USDT,79939.4,0.00012,Sell,2026-09-06 10:19:57.568000+00:00,32674561101
BTC_USDT,79939.5,0.00485,Buy,2026-09-06 10:19:59.490000+00:00,32674566709
BTC_USDT,79940.2,0.00166,Sell,2026-09-06 10:20:01.637000+00:00,32674573575
BTC_USDT,79933.1,0.00454,Buy,2026-09-06 10:20:01.649000+00:00,32674573626
BTC_USDT,79933.1,0.00610,Sell,2026-09-06 10:20:03.868000+00:00,32674580990
BTC_USDT,79933.1,0.00455,Sell,2026-09-06 10:20:06.263000+00:00,32674588362
BTC_USDT,79933.1,0.00585,Sell,2026-09-06 10:20:08.655000+00:00,32674595825
BTC_USDT,79933.1,0.00535,Buy,2026-09-06 10:20:17.653000+00:00,32674623604
